file,original_rows,cleaned_rows,exact_duplicates_removed,nulls_before,parse_failures,rule,unmatched_rows,negative_durations
olist_orders_dataset.csv,99441.0,99441.0,0.0,"{""order_id"": 0, ""customer_id"": 0, ""order_status"": 0, ""order_purchase_timestamp"": 0, ""order_approved_at"": 160, ""order_delivered_carrier_date"": 1783, ""order_delivered_customer_date"": 2965, ""order_estimated_delivery_date"": 0}","{""order_purchase_timestamp"": 0, ""order_approved_at"": 0, ""order_delivered_carrier_date"": 0, ""order_delivered_customer_date"": 0, ""order_estimated_delivery_date"": 0}",Trim strings; preserve unknown numeric values as NULL; remove exact duplicate rows only; conflicting keys fail,,
olist_order_items_dataset.csv,112650.0,112650.0,0.0,"{""order_id"": 0, ""order_item_id"": 0, ""product_id"": 0, ""seller_id"": 0, ""shipping_limit_date"": 0, ""price"": 0, ""freight_value"": 0}","{""shipping_limit_date"": 0, ""price"": 0, ""freight_value"": 0}",Trim strings; preserve unknown numeric values as NULL; remove exact duplicate rows only; conflicting keys fail,,
olist_sellers_dataset.csv,3095.0,3095.0,0.0,"{""seller_id"": 0, ""seller_zip_code_prefix"": 0, ""seller_city"": 0, ""seller_state"": 0}",{},Trim strings; preserve unknown numeric values as NULL; remove exact duplicate rows only; conflicting keys fail,,
olist_customers_dataset.csv,99441.0,99441.0,0.0,"{""customer_id"": 0, ""customer_unique_id"": 0, ""customer_zip_code_prefix"": 0, ""customer_city"": 0, ""customer_state"": 0}",{},Trim strings; preserve unknown numeric values as NULL; remove exact duplicate rows only; conflicting keys fail,,
olist_products_dataset.csv,32951.0,32951.0,0.0,"{""product_id"": 0, ""product_category_name"": 610, ""product_name_lenght"": 610, ""product_description_lenght"": 610, ""product_photos_qty"": 610, ""product_weight_g"": 2, ""product_length_cm"": 2, ""product_height_cm"": 2, ""product_width_cm"": 2}",{},Trim strings; preserve unknown numeric values as NULL; remove exact duplicate rows only; conflicting keys fail,,
olist_order_payments_dataset.csv,103886.0,103886.0,0.0,"{""order_id"": 0, ""payment_sequential"": 0, ""payment_type"": 0, ""payment_installments"": 0, ""payment_value"": 0}","{""payment_value"": 0}",Trim strings; preserve unknown numeric values as NULL; remove exact duplicate rows only; conflicting keys fail,,
FK order_id -> order_id,112650.0,112650.0,,,,Fail on unmatched non-null foreign key,0.0,
FK seller_id -> seller_id,112650.0,112650.0,,,,Fail on unmatched non-null foreign key,0.0,
FK product_id -> product_id,112650.0,112650.0,,,,Fail on unmatched non-null foreign key,0.0,
FK customer_id -> customer_id,99441.0,99441.0,,,,Fail on unmatched non-null foreign key,0.0,
FK order_id -> order_id,103886.0,103886.0,,,,Fail on unmatched non-null foreign key,0.0,
olist_marketing_qualified_leads_dataset.csv,8000.0,8000.0,0.0,"{""mql_id"": 0, ""first_contact_date"": 0, ""landing_page_id"": 0, ""origin"": 60}","{""first_contact_date"": 0}",Trim strings; preserve unknown numeric values as NULL; remove exact duplicate rows only; conflicting keys fail,,
olist_closed_deals_dataset.csv,842.0,842.0,0.0,"{""mql_id"": 0, ""seller_id"": 0, ""sdr_id"": 0, ""sr_id"": 0, ""won_date"": 0, ""business_segment"": 1, ""lead_type"": 6, ""lead_behaviour_profile"": 177, ""has_company"": 779, ""has_gtin"": 778, ""average_stock"": 776, ""business_type"": 10, ""declared_product_catalog_size"": 773, ""declared_monthly_revenue"": 0}","{""won_date"": 0, ""declared_monthly_revenue"": 0}",Trim strings; preserve unknown numeric values as NULL; remove exact duplicate rows only; conflicting keys fail,,
FK mql_id -> mql_id,842.0,842.0,,,,Fail on unmatched non-null foreign key,0.0,
FK seller_id -> seller_id,842.0,842.0,,,,Retain unmatched seller acquisitions for activation denominator,462.0,
lead close chronology,,,,,,Negative lead-to-close duration excluded from speed KPI; converted flag and source won date retained,,1.0
