origin,leads,closed_deals,conversion_rate,active_sellers,activation_rate,gmv,gmv_per_lead,gmv_per_converted,close_days
direct_traffic,499,56,0.11222444889779559,31,0.5535714285714286,21852.9,43.7933867735471,390.23035714285714,31.767716393849206
display,118,6,0.05084745762711865,2,0.3333333333333333,923.0,7.822033898305085,153.83333333333334,10.921913580246914
email,493,15,0.030425963488843813,6,0.4,8484.99,17.210933062880326,565.6659999999999,52.77320370370371
organic_search,2296,271,0.11803135888501742,111,0.4095940959409594,204509.79,89.07220818815331,754.6486715867159,50.853066486625515
other,150,4,0.02666666666666667,2,0.5,6776.75,45.178333333333335,1694.1875,15.766712962962963
other_publicities,65,3,0.046153846153846156,0,0.0,0.0,0.0,0.0,40.07546682098766
paid_search,1586,195,0.12295081967213115,100,0.5128205128205128,151444.15,95.48811475409836,776.6366666666667,57.2743474002849
referral,284,24,0.08450704225352113,9,0.375,16578.25,58.374119718309856,690.7604166666666,33.24298755787037
social,1350,75,0.05555555555555555,31,0.41333333333333333,43394.2,32.14385185185185,578.5893333333333,61.619110185185185
unknown,1159,193,0.16652286453839515,84,0.43523316062176165,210893.97,181.96201035375324,1092.7148704663211,42.52084622673191
