landing_page_id,leads,closed_deals,conversion_rate,gmv_per_lead
007f9098284a86ee80ddeb25d53e0af8,66,4,0.06060606060606061,8.617121212121212
0218f6be0b76aca72ab4d00ee9e8cf10,48,6,0.125,50.774791666666665
15cf89bab2c3163b4f9d8601d108f8b2,41,1,0.024390243902439025,0.0
1722481ac9e5371e5099dea226b5421d,86,2,0.023255813953488372,0.0
1ceb590cd1e00c7ee95220971f82693d,71,9,0.1267605633802817,432.71704225352113
21a104c3279681d9856b8a48723c4fee,47,3,0.06382978723404255,9.340425531914894
22c29808c4f815213303f8933030604c,883,174,0.1970554926387316,190.2484711211778
241f79c7a8fe0270f4fb79fcbbcd17ad,109,14,0.12844036697247707,89.30449541284402
30077c17f2ec5010a82e37ad8925b95f,48,10,0.20833333333333334,169.87729166666665
30534107aa0013db92899c96a1017d0b,37,0,0.0,0.0
330b9d44078a1ae5a221d655dcb77afa,63,4,0.06349206349206349,0.0
35c9b150ab36fe584c1f24fd458c453a,59,8,0.13559322033898305,22.941694915254235
36120633c8737035fbabf079082f4ec1,59,2,0.03389830508474576,7.053898305084745
3cd2a8301d5395f21cdd3094c9eaa2f4,42,1,0.023809523809523808,56.400000000000006
40dec9f3d5259a3d2dbcdab2114fae47,330,67,0.20303030303030303,165.61275757575757
4aab772aeb9833c170d8ea5413e02eac,32,4,0.125,191.6625
4e82dd1f6d00626bda0723eef0a269a6,30,1,0.03333333333333333,18.225
58326e62183c14b0c03085c33b9fdc44,495,27,0.05454545454545454,10.086444444444444
5dc848e7dd9418dffe183215b8ff0bc1,41,3,0.07317073170731707,146.30975609756098
649b7b8b46b254497e92038d88f6ced8,62,4,0.06451612903225806,28.587903225806453
65d9f9d71e562365e8b44037c2888d98,95,5,0.05263157894736842,32.812105263157896
73f31a40697cc90a86c1273563ac230e,115,4,0.034782608695652174,68.39695652173913
7fa6214d82e911d070f51ef79381b956,68,11,0.16176470588235295,42.32617647058824
87732658ba41d8775e8577df347a64db,92,2,0.021739130434782608,0.0
88740e65d5d6b056e0cda098e1ea6313,445,31,0.0696629213483146,48.324696629213484
9fa37f5177115156b1814ffc237402a6,36,3,0.08333333333333333,5.822222222222222
a0fbc0263cb98bdb0d72b9f9f283a172,36,4,0.1111111111111111,65.21944444444445
a7982125ff7aa3b2054c6e44f9d28522,156,18,0.11538461538461539,57.87538461538461
b48ec5f3b04e9068441002a19df93c6c,51,7,0.13725490196078433,20.352941176470587
b6885f18d203a61176418c1fb3764815,67,7,0.1044776119402985,28.587910447761196
b76ef37428e6799c421989521c0e5077,912,171,0.1875,232.16878289473686
bddebc4f4d44106c427bd00695840e64,32,0,0.0,0.0
c555aa36478386fdf85a2d0ca5cd0ff8,37,0,0.0,0.0
ce1a65abd0973638f1c887a6efcfa82d,394,59,0.14974619289340102,77.52357868020304
d45d558f0daeecf3cccdffe3c59684aa,32,0,0.0,0.0
d83b0d0e48c8447d1d5507a44027a955,34,6,0.17647058823529413,72.78529411764706
e492ee5eaf1697716985cc6f33f9cd9b,291,10,0.03436426116838488,0.36082474226804123
ef0b482996664cc1107b9051efd3ca84,30,0,0.0,0.0
f017be4dbf86243af5c1ebed0cff36a2,310,21,0.06774193548387097,46.97864516129032
f80696b73d17fb34f5c4fde157f119d8,49,0,0.0,0.0
f98c2bd96ac4a5d9476734e790c91384,58,2,0.034482758620689655,0.0
