lead_type,closed_deals,active_sellers,gmv,gmv_per_closed,close_days
,6,3,45078.9,7513.150000000001,40.251238425925926
industry,123,41,29078.49,236.41048780487807,47.15084857723577
offline,104,29,19218.54,184.79365384615386,47.587942485754986
online_beginner,57,21,22002.63,386.011052631579,51.86559515107213
online_big,126,78,285084.25,2262.5734126984125,54.295159166666664
online_medium,332,170,204160.67,614.9417771084338,45.44930810045739
online_small,77,28,52160.38,677.4075324675324,57.769806547619055
online_top,14,6,8074.14,576.7242857142858,22.12479662698413
other,3,0,0.0,0.0,254.46489969135803
