lead_month,leads,eventual_closed,eventual_conversion_rate,observed_gmv
2017-06,4,0,0.0,0.0
2017-07,239,2,0.008368200836820083,102.05
2017-08,386,9,0.023316062176165803,3095.96
2017-09,312,7,0.022435897435897436,0.0
2017-10,416,14,0.03365384615384615,7466.150000000001
2017-11,445,18,0.04044943820224719,2778.55
2017-12,200,11,0.055,6846.2
2018-01,1141,152,0.13321647677475898,258161.43000000002
2018-02,1028,149,0.14494163424124515,79329.49
2018-03,1174,167,0.14224872231686542,116066.77
2018-04,1352,183,0.13535502958579881,146035.32
2018-05,1303,130,0.0997697620874904,44976.08
