mql_id,seller_id,origin,won_date,close_days
512f3a7ea5520eae3b54a77c0497489e,2a1a7b9bb186aba4e126ec76f9607237,display,2017-12-05 02:00:00,4.083333333333333
51b030d05fdce1d571c4f55eed93d323,e58a75d874cd483e80fb3ba9aa35db51,paid_search,2017-12-14 11:30:13,14.47931712962963
6c6094f256f51e83fe02bce6091163e7,da4d149c0ddbac90557103ac0a0ec356,organic_search,2018-01-11 17:16:48,4.72
10b83e434ddcd9c79ad2b9be2fd0aa84,0691fc6052b1918d775ac6ff8275eb01,social,2018-01-12 02:00:00,141.08333333333334
4926b735eb624e5de200880635cc272a,2ec7ffe99ecc5afc2e48920c9d1fbff6,organic_search,2018-01-12 12:23:31,4.516331018518518
90d2301e323b1809708324229782def2,77e81c45f03c23a7b43dbb0bdd905dff,direct_traffic,2018-01-12 13:49:28,4.576018518518518
77abef21c838da55e14ffc88016ce91f,eba08391609dfda5c016fdd264f9383b,organic_search,2018-01-12 16:07:27,7.671840277777778
bfaf03e3d41e25b94457fadfbc4521eb,b0289c0c1f9f84008e7b4dbf795c4676,organic_search,2018-01-12 18:25:57,10.768020833333333
ee577c86d39b672b84ced795d14380dc,6836558ca75302628900564ce7c67cf9,organic_search,2018-01-15 18:05:41,5.753946759259259
4952d2ac78b534c78d7a21c60a236e4c,41b9c7bfadf5f42b93b7bfbae1b84494,unknown,2018-01-15 19:51:21,11.827326388888888
7e0a3b03133c5c75330162fee599e5f5,bb2eca0468c9088bd9a146c8d6c72e0b,organic_search,2018-01-16 13:16:45,40.55329861111111
f5fee8f7da74f4887f5bcae2bafb6dd6,21e1781e36faf92725dde4730a88ca0f,paid_search,2018-01-17 13:51:03,3.5771180555555557
c2174952a0255de7fb31b91a037f1e16,67edf85a314145ec81e546794dbc31cc,organic_search,2018-01-18 20:02:48,6.835277777777778
8aa7c17161d6a6270218e8a7b0806263,4e0bb097aa0fb4e2f9a146b77698427a,direct_traffic,2018-01-19 02:00:00,9.083333333333334
44d37f9019983d92ead37f855133415b,8f014a85666ef7e6a98b99a7e136bacc,organic_search,2018-01-19 02:00:00,59.083333333333336
962ebbfe9e9c53b566b6c107b19f4bba,da3b4c4b11a5be0f29634d1e6bb7dce0,direct_traffic,2018-01-19 11:26:39,12.476840277777777
9542f2f27285580fe8d6aa82e179ed28,a359ed4a476430e29909d1415ecacb1d,unknown,2018-01-19 13:12:10,1.5501157407407407
e73b38ff519142fdc3723ddf4a3a5825,11a559e252a8d167a8ccea7abcf357f3,unknown,2018-01-19 17:23:06,7.724375
7fc2067b7f0e5d86dd4dfa1340b93910,e116c7455dd26a4d8c3e92532583905f,unknown,2018-01-22 02:00:00,10.083333333333334
67c34b9630469b3c13b7982316ffe7a1,6e985a12b7b98f0a15b7bf90cc882f61,unknown,2018-01-22 13:18:32,6.554537037037037
37e3398f030e206491f4a61b69d39faa,cb9942fc1981289d7e809573bc69c7db,organic_search,2018-01-22 13:22:05,69.55700231481481
38427015e9934ea855bd9adcdf32055f,713a71465d58d5315a36788861dfec4a,paid_search,2018-01-22 17:43:36,17.738611111111112
29237848f862237c97d24f2cd71f89c9,b6a59a960c14aab3c683a673d03ca2ab,social,2018-01-23 11:33:43,77.48174768518518
5ca05341418f09367540f05484d0b650,fdde1d384dea864917f6b8f2d330986e,organic_search,2018-01-23 18:30:32,10.771203703703703
da740a2d739707c310f3762453b41359,f085a186e0ab15cb03a8bf46e07a8397,paid_search,2018-01-24 11:33:32,20.481620370370372
33bedbbf5f4322acc36ecf15bd34cc57,0ffe89723de9b21041556d02e9b21a8b,unknown,2018-01-25 15:03:55,5.627719907407408
9878253904482726e741460a99adba86,92d46311e4fa7583d14c351fdc881af6,organic_search,2018-01-26 17:23:46,4.724837962962963
b5372c821691eff5fb470f33af079a64,42fac6337d0f14ecdc18a82bfe6dd076,direct_traffic,2018-01-26 20:25:59,4.8513773148148145
8999714b474171439f0c56236609a287,4ac30efebddcd090914475c8201899b4,organic_search,2018-01-29 02:00:00,13.083333333333334
b440cc1f36911a5256b3dc30a1d599ba,8116eb23b96c15ec02dd90632371494c,direct_traffic,2018-01-29 10:35:52,10.441574074074074
61681a30d47dc8b1ec5180ccdec26ba5,4a4da369ad50f14d48337aa52eb826f5,unknown,2018-01-29 15:09:03,5.631284722222222
1d0949fd6674f963b44662838ef3ae09,167bde8a09cb3196874f3f7e2753a98d,organic_search,2018-01-29 20:43:42,22.863680555555554
1cfef7cfd8d26b1ecb8b0eccca6366ca,5cb4a72356883c59790dc8309cddea2f,unknown,2018-01-30 16:30:17,6.687696759259259
a552e1db6a1c7dbac243c72a8d3140bb,def312fb44a52de894acf688498ce1fc,organic_search,2018-01-31 13:33:48,4.565138888888889
9f73f765160d33280216b73b6378c068,28fadc495e06e64b5d15d54959f2cee1,paid_search,2018-01-31 16:18:47,130.67971064814816
b6b8870c2b130a562fbe89fb0bb9518a,68175a6b26cdbc4b3a51ed5353276e4d,paid_search,2018-01-31 20:47:51,8.8665625
4144092976e61a9c32e1c7b205d85452,ba56ae8ab7eb61b0c3f064f9661eb15c,organic_search,2018-02-01 12:33:15,17.52309027777778
ab712090eb9a27881b63080c859147de,18d5b01a5ca858cf540df954e063978d,unknown,2018-02-02 16:44:11,22.697349537037038
b3d72af547b23265305eda666dd749f9,d984b175957d0e67bc5bf232285ac792,organic_search,2018-02-05 12:51:36,8.535833333333333
7c23287c6dd3acd5f4fae4175be75c7e,106ebccfb024488d2dd7aac29c9a20a3,organic_search,2018-02-05 15:04:41,13.628252314814814
58b26e6eaeb6ed078b51e6cde7925d71,2aa8585964d74f71e334a6c3de2ddc27,unknown,2018-02-05 18:36:39,5.7754513888888885
b9e0ea8939615cd9008530f5f4e5e54d,4675c38ffdf3a0c9e9665f629c5c713b,paid_search,2018-02-06 16:11:05,19.674363425925925
ce518001633ca4e1f2ae4b02f4dcb11f,741eb1606348f827baeb4c099fcf1bdd,organic_search,2018-02-06 20:18:28,7.846157407407407
1f4e960dc47c49ab5c2a495e00055f64,8c45b4bc4b5c1e2a4e789b4466a39b77,organic_search,2018-02-07 13:57:02,54.58127314814815
d348734a9ee240ebc4c0937a6e755621,f0533bc9cc3111a0b2f8198157a34571,paid_search,2018-02-07 18:11:05,16.75769675925926
bc916355c4b4bff29473d27f0a214b84,9f716fbca2fbec913c646e6c60f25b60,unknown,2018-02-07 19:54:19,5.829386574074074
4c3419c75074a0734e4d1851aa66eb8b,9ffca1681e7428db3d75eb4b69ee9599,organic_search,2018-02-08 13:13:35,9.551099537037038
e7f70a2ff45e44c7399bebacf3e4771d,b21768cfefb49b94e9bcd38037e93d1f,organic_search,2018-02-09 12:16:16,12.511296296296296
5ac050d44e6476acecf88969950cf3a2,85222e25007ce95bf79c00f643d1e436,organic_search,2018-02-09 15:37:08,10.650787037037038
16a50d670cfa9afa1ebd0022240fb0f9,2866098c2a38fb723ee05f5b65635df0,paid_search,2018-02-09 15:46:42,107.65743055555555
fa7482659fd71e6e233eadf4dbf3ed4e,bf1f3d5402ed867f05bed505a3b2a05a,unknown,2018-02-14 11:14:12,11.468194444444444
79304cca1ad8a247a9bafffd5f4db436,8ba4b332e611171e234324cf3f9f28e3,organic_search,2018-02-14 17:11:22,8.716226851851852
513622713be8b84fd8d5b783f6fc82b5,c65fb4ec11e8d18c95ef150885418aea,social,2018-02-15 11:27:17,84.4772800925926
b53cbe6da81db747a73e52a5a48d2703,87193a47e93a5c1912254392431f524d,unknown,2018-02-15 14:37:04,3.609074074074074
15992174039ff729f588d6c82cf022c1,6cd5309bfee39493f71de0350e837b3d,paid_search,2018-02-15 18:21:28,6.764907407407407
2552a7b886c1710f36be92ac29b1362d,efa89b428cbc422ba9313b4fc6feafc7,unknown,2018-02-16 12:31:56,38.52217592592593
7b27ab2fbcbe3b67935da0694742ed0e,3917f19baf48b61b7c9a106ea10ad953,organic_search,2018-02-16 18:51:56,18.786064814814814
cdca41db5ada4bf3e8e608a495066165,bf28429c4b2c63d4a66f2a1ef89e7cfa,organic_search,2018-02-16 20:09:12,1.8397222222222223
d8bbc05a9852cf8c785e2b05c5ba1bd9,5544a079319b0984ee5d3ea03ea57da2,unknown,2018-02-19 21:08:55,10.88119212962963
ea36a38cfad96a89e2614f339f909549,f0418a194da21de7cd01336b10be11a7,social,2018-02-20 12:17:26,2.5121064814814815
bf38970e96dee81ef0b4b76c2feb1a2a,bb219facd42c2384181e8f3330b42df9,unknown,2018-02-20 19:40:05,1.8195023148148148
0c1a046883bb8a4141228501feece7c1,c30eb4a935f1ea375393aa691a69b19c,organic_search,2018-02-21 12:30:22,6.521087962962963
7d4b139b99fa4e14170492f54032c321,3ffabd7292c755d5cebe5b2d6350b850,paid_search,2018-02-21 13:27:48,4.560972222222222
a38a9af287823928c8b66b29dde21c29,aa3d06427142ec11df8f7df0e159b71a,organic_search,2018-02-21 14:54:47,23.621377314814815
59c0665c39a2bb9c8776d66f4e8b8f66,cb3666965a560e723403683bd378a5f7,direct_traffic,2018-02-22 12:40:15,43.52795138888889
1e8e96e5a2857a7645534e99f20928b7,9e545d0501bd685bba148d9f631093f1,direct_traffic,2018-02-22 13:16:06,29.552847222222223
c1e598764329cc9c377ef1d029be8ceb,d4dcd3a31f5f19aea2f258a568517a4f,organic_search,2018-02-22 13:18:26,18.55446759259259
b05d4080611fca7960d66263f2b29fa5,7d2d952e020034f05b4b7a7222563d89,paid_search,2018-02-22 13:28:41,17.56158564814815
f0affe8ec1361efcafd1816b5b1c2426,09175f552e7526624e8100bdc8d0c92d,social,2018-02-22 16:22:07,34.68202546296296
b17d646e36f5fb120b2ea74c14d39f5c,2e311c110b108aece4a48ab7165f28b3,referral,2018-02-22 21:25:08,24.892453703703705
1f539e92146eac32306bcb0f8ba374ec,8ff95b78fd27130aef0a3b68b7124c51,unknown,2018-02-23 11:40:05,42.486168981481484
3d25d97d74b25fda24861545538d0475,ce77b964b9986a57b37b928be67d9959,unknown,2018-02-23 12:03:59,17.502766203703704
9678fa54dc9751a0633fe25843f900b4,c7471f493e0cf386881d09659a4a32a4,organic_search,2018-02-23 20:27:56,1.8527314814814815
46d9834fa62209a6504b2aabe46d7bfb,8b3317388df29d5fa94360a486ad3356,organic_search,2018-02-26 12:45:46,10.531782407407407
3434cfa4a17f019a5aae78ee0bec24bf,9ba337a47628f9761b6bb3939a3f97a9,direct_traffic,2018-02-26 14:44:04,13.613935185185186
f593b9ead8801922f74f0a5329e31486,e157c96a8e7711636119c6af8e7cf85f,organic_search,2018-02-26 14:46:28,36.61560185185185
626dc1c3716c817b064632fded168e35,b5e7d871b063f34de611e8b448e63f2e,organic_search,2018-02-26 16:09:48,7.673472222222222
3b9c2023b5da0ffe9aa0a39285c836c6,d7cb3f744255259a4ded02cb354f5bcf,other_publicities,2018-02-26 16:11:50,48.67488425925926
efe655d620d2d3d55ab8b2b6c86a945d,414cc02d780baaa13439c37bd89641ef,paid_search,2018-02-26 18:32:05,7.772280092592593
a1ad46372861ecf61fdab04c7bf5082e,8e3338430e8b66d28aa88fa892a00063,unknown,2018-02-26 20:32:17,5.855752314814815
e911087c91c63c9d3e7ee83e372d10f7,1997c740529040d6a2244d2e818acb50,social,2018-02-26 20:59:09,37.874409722222225
d94101ad400cbaf86b951c78f8172039,fc7adf89a5d4fb88c007094fdae351c4,organic_search,2018-02-27 12:23:13,28.516122685185184
9b4e84017d08b6576f1282367901c964,8bee95b757e33c86511de3f9311100b9,unknown,2018-02-27 13:54:11,14.57929398148148
9cca8d684240e24dd459f2d439fae30c,28760737b4b82d4479ddff8db5e9f71f,unknown,2018-02-27 20:04:12,13.83625
f2e5f6f0caaa54cb5161d5cd753cf57f,d622a61456dcbf4cc960221e15ac48b7,direct_traffic,2018-02-28 18:22:11,3.7654050925925926
d57b5430f8c6a9fa9d91cb60bd237336,3c6b1149911003e599410f60c7735bc6,organic_search,2018-02-28 19:15:15,22.802256944444444
4e4e70d504b4c0006c8287dedc99d0fc,f7a0d94e966c5665355a182d5b199fcf,social,2018-02-28 19:42:14,24.82099537037037
07e3b175a6c00f310d4e7e4b17df1304,8ec9a02e1c573e5ebf9133968d9b0042,organic_search,2018-02-28 21:24:13,12.89181712962963
72477e4cbc223fd605cdf76361cbe0a6,a9f81449e8f8a47f6c67e5a43b40ed04,unknown,2018-03-01 21:03:12,15.877222222222223
90da5fb6873f5daa02586c51fec88189,9f15313cc96cd611d45e63eab4170bf1,social,2018-03-02 12:58:05,19.540335648148147
d15288d9955379f7bde91577c9177310,6cbd0872de0e3e92a1b90f229aac6e61,unknown,2018-03-02 13:54:02,14.579189814814814
07c70f3b440791aa82c370d17910f32f,85182120f8a3331fcddb54f27a77dda2,organic_search,2018-03-02 16:20:21,50.68079861111111
e9356c402558dcf285db53208880d47e,e9179018f5d095c744e8a333264f99d1,paid_search,2018-03-05 12:52:26,17.53641203703704
8f24f9bb371471be344cdb6fbcd99688,c6d5704d1ed91beed0114bcd9d3367bb,organic_search,2018-03-05 18:43:20,53.780092592592595
cc1d6397370f680339bb84ca6ad55267,767f9c7cc8d4c288b891893b61f3a2ca,email,2018-03-06 13:29:10,18.561921296296298
40955be51cc85c5a5a6cdd12b19e9f10,c0e933c238e41f0cd459d6025ee9b364,social,2018-03-06 15:52:23,30.661377314814814
01409f7f7f2bd5ec0c1755b362e9db6e,eada4a0629faf243de4159916c10cd1a,other_publicities,2018-03-06 18:14:08,35.75981481481482
4388a23da67b154b780b78dd7ea4636e,0255dc67cb6bad298606136951ab1877,organic_search,2018-03-06 18:49:03,3.7840625
b1e32544dc409b126235d7b5bc98246e,92887d76687f9477f1c7f759bc4a225b,unknown,2018-03-07 03:00:00,8.125
08a7223e876a045d511074e8c9c8e937,7cae39bbb9e55772693688c5afd957e6,social,2018-03-07 13:56:43,3.581053240740741
f89b10e626692ac7a87c19d69f261db2,964cb238d75d1e6c6e1f88adcdf14f42,paid_search,2018-03-07 14:24:51,1.6005902777777778
a6bf24ce0939b46b6536e02a3d244cc3,ba87e2cbb33c1412290b8ccc37301672,unknown,2018-03-07 14:58:07,8.62369212962963
647715020a35f278c5ff9de26e2a4f9b,f9eda05b67bef472deaddbba84aca289,paid_search,2018-03-07 17:11:48,9.716527777777777
3efcdd8c4998017c9578b28a059f72e4,267116eae2e631a965ef86be260f9278,organic_search,2018-03-07 19:04:28,2.7947685185185187
21dd2bb7a4d988443cb303e42afb8316,b7bff8fe73a12a5e844c7d83ee1202ff,paid_search,2018-03-07 19:17:31,19.80383101851852
6ddd8f436b40ded89a268f4b38a30b35,164471825a8de8c31eb8cb9375b27243,unknown,2018-03-07 19:23:35,1.8080439814814815
012fa44d6752ee07c167165cb8c6f11c,528e4514f9339c1c3dd7535fd1a2d8cb,unknown,2018-03-08 15:01:48,1.62625
f5772c97a8e2bcf909674d8701480d55,63c6951772f3f4fc4e40ffd24207fd19,organic_search,2018-03-09 13:45:50,38.573495370370374
a7949e3bfe0d90df9ba1700365ac42c9,4018093c0809ddcb1f633ed5cc3f5eb2,organic_search,2018-03-09 17:24:41,10.725474537037037
205a11a1b97d7e8bdb33aa6c36f3ef2a,758fbe94c656fc484d204e7d60808484,direct_traffic,2018-03-09 17:59:38,11.74974537037037
803fce03a8d1123afbbdbbbad0c4377d,fe53fc6949a462475c07fcb57ead57ce,unknown,2018-03-09 20:05:55,7.83744212962963
9c6dc3ff593093879a0eaf172f13589a,b6584a94139a5dd427c5b2d918116197,unknown,2018-03-12 13:00:43,38.54216435185185
2b094148a9d10109b903715267c4dd14,224167f6e956da2f71c0e8dbdaa8bbf0,unknown,2018-03-12 13:14:10,12.55150462962963
1030d227d3fe9ed0555666c4ffd14ab1,5cc5fe3c6e303fb7656ee7b0ca21ed58,social,2018-03-12 13:21:11,30.556377314814814
88a7d45c0b4b7c6d948ffff9e0be1de4,49388b546c8a96b96e9f15b5980b1cd7,organic_search,2018-03-12 16:40:42,63.69493055555556
c2385a5e739790f3b8c1d459abee3e5b,7aa286758114fcd93df587a1e23301ed,organic_search,2018-03-12 18:45:13,0.781400462962963
ebcdc4e2a7e73118fab4921b78200b2b,fcc29f9f37cfd89db0038d8de7f97f08,organic_search,2018-03-13 20:12:45,1.8421875
c6a3a2c5533022519407029f38d214fa,a84e05448dd8286412b96fddf603db26,unknown,2018-03-14 03:00:00,36.125
fea6d3c362395ffa975ea4fd8d5d8ebb,9e96cf88816c531ac19a680a2fdb78a7,organic_search,2018-03-14 12:14:58,5.510393518518518
91bf42fe769d7f395d8f11b747000def,19d7a4faa5de92caef9ad5128e6b1467,organic_search,2018-03-14 12:24:20,5.516898148148148
5f87a3fcca7c117d0f4186749a5c6c59,df6a52d41f39ce14aa6df3af06e98e71,direct_traffic,2018-03-14 17:18:59,22.721516203703704
df5f39b59210605db5d0afb2ddac38a6,f002671b6ff4042e52a52aaccba44c0e,paid_search,2018-03-14 17:31:31,6.730219907407408
dca7085d5af68e91d19ed7cb75e1dd86,54212aa507a8696b0766046bd3aecdc3,organic_search,2018-03-15 12:43:46,9.530393518518519
85fb7822c0e202d4b3bb8c1ad5e0280c,43037711a5c131786d1633e96185d278,organic_search,2018-03-15 15:12:53,0.6339467592592593
9f11e692a2a53a8382be86ee9713763c,6267b2cd3c8d9bfa2cc778c11d54e76c,paid_search,2018-03-15 19:10:24,49.79888888888889
03ba283fed2772f4e477eea4f0f236b8,98d634015211a1cd9b861e59b6d1b79b,organic_search,2018-03-16 13:57:28,18.581574074074073
d0b2ef3bdc9ed0fce3d672ec52dc9c00,45dfe11016c782d99a19f93dd34c300d,unknown,2018-03-16 14:17:34,11.595532407407408
b43f5f80ddc7bcfebd6cd94e13554e4a,0fca1de8751a104ca87890f19f363d4d,direct_traffic,2018-03-16 14:22:29,7.59894675925926
44c115ec4cfd1287a92e824ff941aa3e,493a261e134421b6d9d997900fa56a5f,unknown,2018-03-16 16:20:55,3.6811921296296295
b68eec99f3b66e98022e60843901fe3e,45f04cd6eccb0a2ab2ed62d4939ca2d2,social,2018-03-16 19:52:21,7.828020833333333
a397cbaf77babef6e8fbbe9b72c7bee7,946a07c34ff7e9eafa2d0ad6c45340ec,referral,2018-03-16 20:22:47,39.84915509259259
cdb36ea731ecf2d69881eaff7220b10e,7d2af2d0dc5a86742cda2e5da38c1ac7,paid_search,2018-03-19 03:00:00,151.125
f5f0711534e0b5d69c8e4206dd17cd88,f66425655311542de5db64f27d0d5651,direct_traffic,2018-03-19 17:36:04,6.7333796296296295
b5d3329593899c7a29511c6110bdc575,2cadea330183af560c84a87409e5c0e0,organic_search,2018-03-19 18:20:11,35.764016203703704
41fb0fd43593de7d24448de9f5aea38e,b25ec1aff84400104d63eadc3b3052fa,paid_search,2018-03-19 20:04:46,17.836643518518517
a85d745228d0257adc11fd790a31cee5,116e5ef667d05e59c8b95acd02670ff3,social,2018-03-20 14:01:49,31.584594907407407
a253f7f97019cf1a2c74eed3ce23db58,f1fd6779d8d9afe83f4135a22903f22b,unknown,2018-03-20 17:30:41,8.729641203703704
2b35567523c67c1a9c32ef101ae7bc73,7dd3be74c6cd6800d809935ff47bd3bf,unknown,2018-03-21 13:03:40,7.544212962962963
c07c69d716213f5eb297e2721115daca,cf8ca2db83470a73b7cebdd86ea96fb9,organic_search,2018-03-21 16:16:52,7.67837962962963
c9be6fa4a4d011709bfa79908b2a1238,465b4d6f3d04fac8957c6017541df171,unknown,2018-03-22 13:02:12,9.543194444444444
cf8f0678e67cb002c2b68f9f68629885,bed6d1f6c4664ab8cf3abf3821727756,paid_search,2018-03-22 21:20:42,24.889375
55dbee9943100076f718829ec0359185,14c9e2cbff9aaf67afd967798a651733,organic_search,2018-03-23 17:58:38,19.749050925925925
5c490b208aeecdb2af2f4b6fb696a6fe,5e8fbfbb0b53e303caf57d7408627b73,organic_search,2018-03-23 19:56:18,8.830763888888889
5b2aad03528f0d771e8332451010d045,eaeec4fdcdc91ead735718ae9bebcd8e,social,2018-03-24 03:00:00,6.125
9e7c75dad869b2691a339a70cf105f0e,f4d969837a2957bb052a71af7d39fc91,other,2018-03-26 14:03:55,13.58605324074074
d54be8a176d25fedda751546f6276fb6,0f5f7caa3e6a2b466fabe6bfaf25b06b,paid_search,2018-03-26 17:04:23,26.711377314814815
501f06dacc74edd54022151f71c8960b,770145ac7913d8d3ace8aa83a1304938,social,2018-03-26 20:54:23,6.871099537037037
86b283c5d439e7c9a64dca8e850c5ebc,a99634624f85b4f63f87bc334b846962,paid_search,2018-03-26 21:56:43,0.9143865740740741
cd39b2fcf60d4580dbe25b82be3fd1ab,72bb43f9683adea77d240b7985e2dfa2,organic_search,2018-03-27 03:00:00,35.125
144194b941960b62a1217cc9d27ebdbe,a46cc8988e2dc21616cc0b2cec80be4b,unknown,2018-03-27 13:27:01,5.560428240740741
9064926a39ede3627d76ffcc643bd773,6de5884cc604dc6798577fbf91e86836,unknown,2018-03-27 17:57:49,6.748483796296297
92c7eacf759c266a7663d63876d84223,da3eab58892c04039f4cd5ecb09ae260,unknown,2018-03-27 19:14:00,0.8013888888888889
5b7fc89c42ee0f99a9db33e8baed5c52,39cd336c2436c88d88096f7ef9305026,organic_search,2018-03-27 21:32:52,11.897824074074075
7482d965e9c3156079b7ea6423fd41fa,a267686cbbbfe674d0834d3ad95df5bb,unknown,2018-03-28 16:16:34,58.6781712962963
7c68935a1dfb1fc8fb714797e7cbf805,6267923376872bb45a1c804aed0f1e73,unknown,2018-03-28 18:55:26,5.78849537037037
88e3fa7a7462c4ce017655ee2ea2ad46,a50397ac35dc51ce40c4c3117828e4ec,paid_search,2018-03-28 19:05:44,1.795648148148148
f9c43d70a22ac65ce5fa816a4c34f8f0,784fca1939f4ad6c73be249a80b17d18,paid_search,2018-03-28 22:37:52,44.942962962962966
6fec8c1ba9b9aa79bd26e09fc8aae3eb,603bb4eeb3f0927e59e253357a9ca06b,organic_search,2018-03-29 13:49:44,40.576203703703705
44f24b3c093ffe8bb756db22f86a9a2f,ce4f1d45100bd92470c482527f73f72d,paid_search,2018-03-29 17:45:03,14.739618055555555
413e4eb37de01f40522e28ecdc268639,d9d057968270cdb30c14cba606d5dc90,unknown,2018-03-29 17:48:42,76.74215277777778
0d7c4c62f923a1527f1e9e5bb30e5d60,e6bb1e7ea5580c5b9f0970407b3f8c7b,unknown,2018-03-29 18:12:58,8.75900462962963
b3d5cd16656bd872844d94e6c00ac9f3,eeb3e4d4f423780ab2acfe23ea0d5e49,paid_search,2018-03-29 19:37:01,3.8173726851851852
ff3e7e5ca2f0e0d94bff1aabf7ed6ff3,5084f696554075b9a98403b769f31cd5,unknown,2018-04-02 13:03:24,19.544027777777778
2c5d0b35798bffadf8f67ef0af84d183,93a55b2252867fd7df54c78cbd5c6d95,unknown,2018-04-02 14:20:33,10.597604166666667
bfa4c8f989b5998d069da0a75550a7ce,694892adec9a8e54155c2a2e99b6bd0c,organic_search,2018-04-03 12:21:09,19.5146875
a15880813bd2f137e9f6922cbb7255bf,7e417525a6ce49b708fd384e580fe3c4,paid_search,2018-04-03 17:19:55,14.722164351851852
d8de81eff6dfe582a05bc6981879f01a,f85612e1b253b37d88329fdc16e8f32f,unknown,2018-04-03 18:29:19,5.770358796296296
7893b5468710641ad87f8b4aa1b8777d,3084dcdea01fe4f2d556540e6b2e873d,organic_search,2018-04-03 18:56:08,15.788981481481482
7ccf00b6949c12d2df1963c60fad4f25,294e164108bc80d8fbf5ee39c448461c,social,2018-04-03 20:39:13,15.86056712962963
2b9eb12abdcf58e92fcf797a1eb2983d,108ca0788dee2b34051cd325dd9eafed,organic_search,2018-04-03 20:47:56,11.86662037037037
eea8870139b7780b13870d4299006da2,cec13d4723ba59aae2a6663b99129a49,organic_search,2018-04-04 13:50:13,6.576539351851852
062eb81d4674705d10c8ecb848358cb3,1c16af6213cf83914774c6490065da81,unknown,2018-04-04 18:42:57,15.779826388888889
f8e1b8b3a3fe9b27a64dfcaaa8fc6054,b6392ab5fdb153fb3c6c7c0e174cdc29,organic_search,2018-04-04 20:33:19,70.8564699074074
790d8fa56e05ff05080e6e66fae0272a,9e54d45e5f30ed4f296bd25d4edada20,organic_search,2018-04-04 20:55:17,23.871724537037036
df2782c019d0d66a88af774011e8ab29,2bee35533016f9992645dd6df0eca7e4,organic_search,2018-04-05 13:18:02,206.5541898148148
a2de60ae969948c62475144651c21281,08220245c361752c4f7bdc9a39821dbe,paid_search,2018-04-05 15:11:12,7.632777777777778
07da1921cbc124b15d105b3e13d67eb5,fd5564b7d093f9d64d1a5f223dfe43bc,unknown,2018-04-06 12:13:08,49.50912037037037
f7066703eb3987f21f0d102ea8caaeb5,013d100f608a64ec8275c038aedeb064,organic_search,2018-04-06 14:15:21,74.59399305555556
d5f8ca8f1c429e41c73b370ad2fb45a1,f3c747c1913de1af068d8feb79900063,unknown,2018-04-06 16:27:35,4.68582175925926
2f9e00b759f8d090d2d2ecae1347104f,fe3d2c21fe1b15298d60a0792621ddf8,organic_search,2018-04-06 16:43:28,30.696851851851854
4b650319cca0b2d0480d58b5c6451a28,708cc2c4ffdd3307d5cdee0d7387307b,paid_search,2018-04-06 16:52:50,1.7033564814814814
a244f80bac3293a03b71b032e0e09ce5,43ac443db8d4fbfb1454aa1364404264,organic_search,2018-04-06 16:56:39,4.706006944444445
de1dbe3b8d524c96d50c30f2467c4bc6,841fba8f46ab4edd1bb086f53735000e,organic_search,2018-04-06 17:40:28,4.736435185185186
dbc6f53e8aa4b30d61366ddc81b17a91,7bfe1c6d7a61cccc48bbbebe206390a9,paid_search,2018-04-06 20:40:05,4.861168981481481
0c28423a88b5dbffd0d1ee2aec41efd0,c0199604c0ca0863cd20b95aadd24427,organic_search,2018-04-06 21:43:37,1.9052893518518519
fb24fdefb6d2dd80651f6c1a87bc0d7f,bf0d50a6410d487dc97d2baac0a8c0be,organic_search,2018-04-09 18:22:46,20.765810185185185
de0fcd75c97ecea4ebbb534ea6476743,639541c9c4a8a5b34424cac6f81f6be7,unknown,2018-04-10 12:30:33,7.521215277777777
0a55079ea003674ae2145b02f03ff27d,ae0728a2cb289dec6d1ceb0b7d6b82c5,paid_search,2018-04-10 14:43:06,16.613263888888888
5ce2c548b89181fc2a9b18df3882603e,5fff4dd813a9fe1ce972a80407e16457,unknown,2018-04-10 18:22:26,21.765578703703703
b4a52d5e8d7a56355abf7597fe5b2bbd,da43bc6766501a2ad1aba35b09b7c9ac,organic_search,2018-04-10 19:08:35,8.797627314814815
f812d76fe4aaf25c32584b9597915c61,36637850ddda5031f5bcf5499dd955a3,unknown,2018-04-11 12:24:58,40.51733796296296
fa5e2d8f160a9160ba19cf589cdc017b,cdb142290473bb9442f55741e430682e,paid_search,2018-04-11 15:15:51,33.636006944444446
356222b46d95b7fb1215f652ea9fd2f3,0b9164d3b23215d4dfee8a045a3a1b3d,other_publicities,2018-04-11 19:00:03,35.79170138888889
e9dcae4d924ac8fff2334db6e5b99482,51fdd5d43db628fada4588f89aba3e8e,organic_search,2018-04-11 20:19:49,40.84709490740741
8f8161d3a6bdf6a3ba5b28fd35725356,c03fd7fd50f9f421847d970502fe5d26,organic_search,2018-04-11 22:21:15,2.931423611111111
e8caf5068d097fe43a132fbc1152bdd8,26677ff8d8321b864317019c728ac010,email,2018-04-12 03:00:00,3.125
fca7ac68a9bcfe7ec3a017257471f198,48fa294ea8e32148c8dba7a692b72bfc,paid_search,2018-04-12 12:35:49,51.52487268518519
3b3f06f94891410cd5cec559abe7cff8,9cec48faacf156410e6c576bcefdade5,display,2018-04-12 14:02:51,10.5853125
8aa25d565a8891e68d123138a137622b,bfee0cb1dc3d4e4a2d625daeafaa3d3e,unknown,2018-04-12 21:32:57,24.897881944444446
5177d7712d018e49b0015adfdc2bb393,19d2a3535e887b30be7081676fb1a499,email,2018-04-13 03:00:00,21.125
ff8ee6aac61c11f16443646cdf467146,7877194d40c496d36a88ae5957c5e7d1,direct_traffic,2018-04-13 03:00:00,7.125
d0dde222e608c66b65d44776bd8b4092,df1183c2b82ee7ce304ed60ced00949c,organic_search,2018-04-13 11:56:52,28.497824074074074
e5860ae00103b3869a25d940345bf0fd,1185ae3e5ac0463c854dad54fc8fc9e1,unknown,2018-04-13 12:50:35,3.535127314814815
b368759b56dbed0f9e5818fe1f7ca8bd,65b6aa01895e9ddce79b482da06dda9d,unknown,2018-04-13 14:30:12,1.6043055555555557
4f2a5cee950dff883ba2d52715c97bb3,ae1e6f638fc33a9cdbc2871bf60c6635,direct_traffic,2018-04-13 17:03:29,10.710752314814815
418f995ca45e4394daa4447bd637ec4d,bb94878eed7bad1bdd88e19f6c322f8e,organic_search,2018-04-13 18:12:32,2.758703703703704
57648ec099f2451be828fb2e27d8f46a,0ab97fdbae52ec0e877efdf9b310528e,social,2018-04-13 20:38:20,5.859953703703703
ee68544f42eef8386730823cff7446cc,8f28d70a98ca556691300d08ebdddc88,paid_search,2018-04-13 20:51:13,2.868900462962963
8df878a8e746bb16f57beaa0615b5693,de83e0600df76319c24c3670ebcb2d5f,social,2018-04-13 21:53:17,5.912002314814814
05d287893f5f083739da863da2c4b6f8,49f6ca9231352dedda1ad1176ce70531,social,2018-04-16 13:09:09,18.548020833333332
e66292f43e32d3b92d2c00229a6afe55,7614a7c196be837b0eba0a3811e51b29,organic_search,2018-04-16 14:49:40,12.617824074074074
f9cb3124b5a22b133f21273ef2cb0695,9e3f08af3b6caa76962b05087eed5425,social,2018-04-16 16:58:06,69.7070138888889
c3e30ed7ac989117c7e1e719b4ac128f,92d7568ad0c5c76fd7d341b2d46f24d6,direct_traffic,2018-04-16 18:18:22,55.76275462962963
af727f4749d4bccd52b0d84bcd241a28,8cd5c90bb5fe7f2d779c81bfd6d9ffcf,paid_search,2018-04-17 13:14:51,20.551979166666666
1accc1c92278a9bc2bbc6a8002026b25,7df961ce758538004de6db0f5b9d7b6f,social,2018-04-17 14:51:42,9.61923611111111
479f751686a3b7f1783994dd56619558,684ffe8bd167b50565e8546d7a99ec63,organic_search,2018-04-17 18:12:47,8.758877314814814
214ace4c93ff3e251c239e9d47d1517b,0c1d290fe8e252b31ebc2ead30634efc,organic_search,2018-04-18 12:45:01,5.531261574074074
19c777b5bed02ee09375ce374cf653f1,13a6bea45beacabbd2d7551940020653,unknown,2018-04-18 16:36:44,183.69217592592594
9a6b65aedf8177783035f3a53ca21ed1,0975b0dd18febd1008391fa53dff0891,organic_search,2018-04-18 18:02:08,7.751481481481481
57a80e778f3d755b4f2166e6a60826fd,bea51724befa11664f1d44a92ba8f4c3,unknown,2018-04-18 19:01:21,86.79260416666666
ac894bcbadb0692e692ba49e19bc219b,02df983480ff75ead8a031a3c7a849ad,paid_search,2018-04-18 19:05:58,11.795810185185186
70699f79c6aeddeb2d322d7074c2f366,d84ecc09e7c9517825a219be37aca08b,paid_search,2018-04-18 19:26:35,16.810127314814814
fdd68c10c38eb2811cbf1e13bc95b5a1,65d5e688c5bba88c62953b3a97264d54,organic_search,2018-04-18 20:19:00,8.846527777777778
a4caf71cf38708eaf17117f78fa61c9f,871708b5b0c28260241a7ddbcec894c3,organic_search,2018-04-19 18:10:32,38.75731481481481
1bd7d4eac464cde6f86349cbe0d61385,049197f741ca0cde891420fc72fba3e5,organic_search,2018-04-19 22:00:40,47.91712962962963
b145d383541b505a53c5715a21385f80,a66aed6f85eb3f719792329338875b72,referral,2018-04-20 12:18:30,10.512847222222222
af8ba6e9ccdd2960424f19b3cfb54baf,e6341a38a2e15b8834ac0410015547e4,unknown,2018-04-20 17:53:11,7.745266203703704
4b28b220ac44eb9727640e0b78cc622c,573becd44db78cee00182ec4a5594806,organic_search,2018-04-20 20:11:23,161.84123842592592
b48c62590e6d0cda7b99d3c4053a412b,7f49fc7a8336278ab1287ed28d565258,unknown,2018-04-20 20:24:22,22.850254629629628
fceb58eea3ffda92cf9ab32fd9e5fe0d,dc00a47754c9e2eda1f84b0bff6ee95e,organic_search,2018-04-23 13:23:55,32.55827546296296
3bcc8997df233ab581f30dd65f14698c,b6cac2bb2d83cae903e336e6a993c795,unknown,2018-04-23 14:31:35,12.605266203703703
92ad56ab29e347d1779a07879d38c67a,c846aef46d0aa00378cc6c24fd7fb474,direct_traffic,2018-04-23 16:16:57,13.6784375
000dd3543ac84d906eae52e7c779bb2a,500b5e25308adf85bbc0bbc52c3dc05b,organic_search,2018-04-24 03:00:00,19.125
660110aa3162f77605b07eec19f1e20a,dbc7e4c98a58fa8731412f4da2f43cb4,paid_search,2018-04-24 03:00:00,12.125
50cd562760a5819b07a9da2239046ef0,95081451c156a9d11136ecfc5422a20f,direct_traffic,2018-04-24 14:04:51,4.586701388888889
6bdffb19c15963b8e630b6a1861b477f,76bf0e3e7d311d9069d4512cc1a232d7,unknown,2018-04-24 14:19:33,21.59690972222222
99bc9f7d864b6291861728d671d61890,3b2386b23bc4807a467c2ea5770cdd80,social,2018-04-24 17:05:08,190.71189814814815
c4b5d00fab66a49d63428f51800130eb,52c53edae0e04256ecf6c407608e7e09,unknown,2018-04-24 20:43:12,6.863333333333333
c263e540e76c57607b5e1b613fbc8732,a2fbfee48b1a9b455b126c70e421ec91,referral,2018-04-25 16:22:26,5.682245370370371
8661d5d36e6ade1beb145e7154f96310,791a644d62fbd7a1fdabda6fc610bf33,paid_search,2018-04-25 19:19:08,1.8049537037037038
cd1c758ef1fa8b3fa90d46efc6e4c66d,99d4602ff2c719a03c6d8df853ebedf8,paid_search,2018-04-25 19:43:04,0.8215740740740741
7318634fbf3172a58af7c638ddc76184,bbe9a13ea83539951c8edfc200565bad,organic_search,2018-04-26 13:40:00,6.569444444444445
107fce5988735e531cae0da812db9a62,e979bb42fb660609fe056a6bea03761f,other,2018-04-27 03:00:00,1.125
d2e8ac40dc18011d5ecd890846f36ec1,503ad3c3811010c6ba4577f411724b13,paid_search,2018-04-27 03:00:00,15.125
688026f6edb29cc7c96b287b186b03c9,59ddca14932ec5557c099a51c4d5a58e,paid_search,2018-04-27 13:27:25,72.56070601851852
0a1643cb73c25878cc845d5594059afe,ae9d6bb89361dff26edbccc7e1c2911d,organic_search,2018-04-27 14:01:33,10.584409722222222
0b32d6a87c09c32b3cd90dfd5ef5699f,4dd7866cf496e0c2fcfc93a4589dc1be,paid_search,2018-04-27 14:04:06,17.586180555555554
4433c8475916d6e6ebb8cf4994d2f1d1,04ed0495537199603d4930fc5c0dd026,email,2018-04-27 14:07:20,30.588425925925925
6dcca2f79e4a4672f7c91f58385b4582,94eead2f1cdacbf7ba5c5a0bdbe4cf1f,paid_search,2018-04-27 14:11:20,3.591203703703704
95f2351eb791917e3e1cee823cf25969,b031973a2fadbc89767531a45ca39e40,unknown,2018-04-27 16:17:37,9.678900462962963
a02248212328cdea5940d1c050f6c6e1,b12cce16926aca79e4dc5483947792cc,social,2018-04-27 16:24:00,3.683333333333333
0456932dafd6f6b56f142efaa19ea8ed,c38c6d00a783927b6a3df86ea650ed4f,unknown,2018-04-27 20:10:02,17.840300925925927
c733f4f772bfa7b8702ccb81887f8333,77d81755dbf8e62faa0fb683e1a802c6,paid_search,2018-04-28 03:00:00,15.125
c262b62c257bb4e97a9618c9bf4bacf5,a2d528e2abdf88afe0d245519b3b3d65,email,2018-04-30 03:00:00,11.125
83d5aac46c097426773520489cda201c,a28120fc27b206d3bc355b57040baf7a,paid_search,2018-04-30 13:06:43,14.546331018518519
0338bf13624f52beaca91ec4a23c860c,667ee4b0aece58908fae3fd1649b7e6c,display,2018-04-30 13:30:05,25.56255787037037
b8a54e345fa5fa48d9f72b7cd514240d,98151b0a22aa6e9ac06a7bb854fa6959,organic_search,2018-04-30 14:27:15,25.602256944444445
52427b6097c05044266c10cf110bb16c,b89f350d98e85cdac1137510bd7b566e,referral,2018-04-30 18:30:12,1.7709722222222222
3ce39e5e8a82aa26e73fb52221089d5e,59055625da956ae84296c08491141984,organic_search,2018-04-30 19:28:30,37.811458333333334
bd0027406f48f714d12dc1de747133cf,f89e46b812b06f22508f89873565ce6c,organic_search,2018-04-30 20:24:05,94.85005787037036
1e2001dab6238763e58c775cba225a16,85be0b7181c48c393007b0002fdec79c,unknown,2018-04-30 20:47:07,38.86605324074074
c31cd9eb0233c998e5d682c4d826d8c6,e10575e8e45d5d8cedfc60d838ac286b,unknown,2018-04-30 20:57:42,5.873402777777778
a045219c760c6f765dfb3c5a6abf54c0,6e1706430e9dda78c8d2d5dd1f36d545,unknown,2018-04-30 20:58:34,56.87400462962963
e77cae9fcdb3fd588d797921ac663823,a31ed365258882cc2a1e25d6710704ea,social,2018-04-30 21:23:41,6.891446759259259
a3980fc1d4915887bc4b815080e58a00,611aa09794938387efe774f5abf64c03,organic_search,2018-04-30 21:29:27,75.89545138888889
e633a3d4fb3db2c7665c170c80db6717,c1319b7d63c25ad7838d268fec93d0fa,organic_search,2018-04-30 21:48:02,171.9083564814815
8a6492305a5fbcdcdd1a7f5a90764c07,1bba9c94eb5c4e82fba9f7286fe81025,direct_traffic,2018-05-02 13:31:32,111.56356481481481
59d49e1ef1cc5496dfde1a1cc0c74004,196964603e568f36848694f9274a2acd,unknown,2018-05-02 13:39:20,42.56898148148148
d6beac7184414a6487a7edade4c0f2ef,b8caedd58f7afe8fea08b95f272bc080,paid_search,2018-05-02 17:22:49,5.72417824074074
7375737cbc45eaf7c478be2858e294ca,89d394e1e062b0c231c559196aa7e18c,unknown,2018-05-02 17:29:18,13.728680555555556
614a4db226bdaf4ffdbf60e37eda9213,47ff0b75e3609b6b80fbd1450384a623,organic_search,2018-05-04 03:00:00,11.125
5c3fd6f239bbbd47b94fb424c8827b2e,528f22dfa20a3de9375b2b38e49cc617,social,2018-05-04 03:00:00,57.125
644b522e92999426ab230d94a4bb4512,e6cf587c2552879f7471e7e8c993ea1c,social,2018-05-07 18:22:39,60.76572916666667
87db7aea88a3ae9304944ae954c6a420,7c8a7bb451a5a4e8813352670a8b9a22,paid_search,2018-05-08 17:42:04,179.7375462962963
d75057842b733134576d690d1d9509a2,a86bf7a9ba609d0527f10ea8f0a5446c,unknown,2018-05-08 20:14:11,6.84318287037037
a555fb36b9368110ede0f043dfc3b9a0,bbb7d7893a450660432ea6652310ebb7,referral,2018-05-08 20:17:59,34.84582175925926
d238f0c1fbf6fccb32a3f8efcf03e3b8,68c701b433babf6e12018f1a674d3228,organic_search,2018-05-09 16:52:06,2.702847222222222
b37245bd5e22836dea166c9bf1ce3715,8caafb23d9d6b7e75485fcc2bdc260e0,unknown,2018-05-10 18:11:09,0.7577430555555555
f5baaf0afe419681731ec3d30dafd954,fb6e76ca64c0cc2c2dee53219e685f4b,unknown,2018-05-10 19:26:38,10.810162037037037
f63f7107398c54c17b5d14eadfa76842,bc2579cde838eb0fa8477f7efb1298d1,direct_traffic,2018-05-10 20:10:08,0.8403703703703703
fe1fa775d818957a76304c35e1939355,618b0524377e106190c0c91cacdb4b78,organic_search,2018-05-11 03:00:00,0.125
ec2f34a30d5b87ed1d3e9de2741ddabc,246eefbebdc0c11402ec404e1589de43,unknown,2018-05-11 16:16:13,1.6779282407407408
6c5532cd89a43796f19e4ac21f3b8c72,4f6bf26bd1ecc9aa855e9cce6869b566,direct_traffic,2018-05-11 17:24:16,113.72518518518518
834e43588167648b6f83961cf22f940e,4ff8d644ff76721b86fdc7c75c48d4a6,unknown,2018-05-11 19:21:23,72.80651620370371
f4854d16f1c74c2e64a5b01933a04ada,fe1f84058e11c26fe9582167f47c343c,unknown,2018-05-14 13:36:50,7.567245370370371
c2102c66aa81e5c07f72cd88e46d091d,649d307ba392e2cc6cedc7888f51923d,unknown,2018-05-14 14:24:45,3.6005208333333334
a90a37898cc5f2718385a2fb981caaff,0b28859cd04d23edefee9c591fb03cd8,social,2018-05-14 18:37:15,17.775868055555556
768a02c350549c32585575742d6c29da,e52a436a49da33527c29e1b5fbd09317,organic_search,2018-05-14 19:17:03,7.803506944444444
867b587b7c0da5f1af73b47803e60859,d65d93b215feab3f997441e1e0a98ca5,paid_search,2018-05-14 19:26:01,40.8097337962963
f4812a8b0f238b290cb25f11a975edf3,5e7730e8ae6bffdee755a8d31e6b77a4,paid_search,2018-05-14 19:57:48,80.83180555555556
9ab8da6ebb84a25f23233a3a2e8cfc11,f177c11663deb4c3c07af399b26f5110,social,2018-05-15 13:29:59,100.56248842592592
07f26c1e7d2873a9e6860909c00075c2,134c69b4dff67e40a022dd8bf81e002e,paid_search,2018-05-15 17:20:12,7.722361111111111
5641240ccf2611004c76234f4afb8f90,231e2c768bf979ec59ff743f16a442ce,unknown,2018-05-15 19:03:42,126.7942361111111
6fba9ab96aa12c4c9d01e74b66a74485,09c34a8e333be37851747c27525a4e53,organic_search,2018-05-15 20:21:11,21.84804398148148
19d0170c5a9f7120fdcb2c34e9373f68,b8cb8fd0484ee4f796b41e363dcd303d,referral,2018-05-15 20:22:41,13.849085648148149
d2ac71782272659e7171150d20d59158,3387acafd8bea46d73fc50cc9f7e2a9a,unknown,2018-05-15 21:17:04,1.8868518518518518
409b474080e928bbb5664659407b5947,6a60bd6a4afd5fc86b75b47ec502df7b,paid_search,2018-05-16 17:48:30,11.74201388888889
b2385ae6de2a909f2ad7b45f9922af69,2d2f1c1a4f518137df3e4d8d5f57beae,organic_search,2018-05-16 20:25:19,0.8509143518518518
b97dc9b1917a076d96da7c0ae4e2ed72,376643e536ea9ab265065925112a876a,organic_search,2018-05-17 03:00:00,6.125
9675f0018d103531e073a3da2945df41,b0ec35adb04cfa85d3e0ff3f79c186a3,unknown,2018-05-17 21:47:38,3.908078703703704
5a85461739094491a96bb30267640454,1cd757f0f38c0847a2f05717d18b8d92,social,2018-05-18 12:38:36,60.526805555555555
c3daacb733cbbe636db5b70ace98d520,4d54524ebf3e26769edc397a2eb26462,paid_search,2018-05-18 13:05:14,3.545300925925926
8d31e1ca580336797fc5c552cc86b96b,50ca38cf4312fde2e0d35f6169208b54,email,2018-05-18 17:17:42,226.720625
d92949512f85bf2db92ad19b662922f6,0502e5d79bd91b34b68cef9b3b45230c,unknown,2018-05-18 19:32:40,2.814351851851852
9375fea0a120ddcc052f02b81cde38fe,a6a52627793bc24c517d364354c20f6f,organic_search,2018-05-18 20:27:46,10.85261574074074
abcb67d98a01dcf18478fd47823a8dad,b3a449163f5fe8657f2f0c83f41e7a5a,unknown,2018-05-21 14:06:49,6.588067129629629
9e7f111f15db1aa3830cd806660d7b97,80b2f7568a7016771f58c5b981da3ae3,unknown,2018-05-21 17:29:17,11.728668981481482
23b7bbab67f2caadba743ff405d27b5c,abbc2aa191ecd8fbb5be1701d7bb6ef4,organic_search,2018-05-21 20:17:38,6.845578703703704
5b6359f4589fe6e5a4856110f0480240,e77e2e91d8ba596f5bce16b906255fe0,organic_search,2018-05-22 12:44:38,5.530995370370371
878c57ac87b8629049a172596fb9a67d,8b286dd43c391bc2d763668067eca963,organic_search,2018-05-22 12:54:36,35.53791666666667
1991b2c8479598ad84ed59f5446bb589,77d0bfeb12a6711682cc61a508f87313,unknown,2018-05-23 13:57:13,6.5814004629629625
593f4a8705fd0d72d47efb651bdfb135,8dc50970bc5ef0bf96e6dc401caf0c1c,display,2018-05-23 21:00:58,16.875671296296296
271a299f0893b2173e77162c5c768b89,0ca9bd8db4679bc89692acdfcd96b6c4,paid_search,2018-05-23 21:47:07,4.907719907407407
e3c586bec59ecb0430e34fb6bc37fb8d,28d365edb9c888771df5915b575f8f34,organic_search,2018-05-24 16:47:23,0.6995717592592593
3c0e7686e6e39489f6a45f6c7ec0dddb,7020bbe82544a814b5665a2887119267,referral,2018-05-25 15:00:14,87.62516203703704
2b73fd917ee9cc38ec528df06d5b8561,46bec94e1e0fc413b6adb1d1bd175477,paid_search,2018-05-25 16:36:57,2.692326388888889
af1ea7c59c7e37f0b95b48bc972ceb67,7461606ae81596a71b8a98fd0f2460b2,unknown,2018-05-25 18:04:39,0.7532291666666666
de615d957b9c5f4b8fd48893f7267a15,98932494b926a74eda339b76ce0b4bc0,referral,2018-05-25 22:37:08,0.9424537037037037
76609909f975f3db5b8e50e4cb9ec136,b2d462f41b6b46b0569b20a8a4ebfcae,paid_search,2018-05-29 18:53:31,77.78716435185186
7281f75a3496aa1e3643f44cd5773a65,309405cfad0d11cd1ec6bb5d02c70c6b,unknown,2018-05-29 20:20:26,21.84752314814815
ed68030ad096167305ee933b382d92f4,81cce42d33ddf3d4f89f1d476b5e35e7,organic_search,2018-05-30 13:34:09,7.565381944444445
1cbfa9c878ef8692c1ae21e4cfa11000,90269579385b838ce9bd577dcec278a4,paid_search,2018-05-30 14:43:50,5.613773148148148
b13432d01614c9d18263698af2837e1e,429e2324ee8c0a95b565f78b465e8a07,email,2018-05-30 16:15:12,8.677222222222222
d6137197f40a5b7916e5e9cbbbab739e,f887581ec486ee8eec9ed933310848e0,organic_search,2018-05-31 21:44:18,247.90576388888888
a8aa308791fc464208fb025038454c24,818d9691c76fabaf6b491f6a9baefad9,organic_search,2018-06-01 02:32:00,21.105555555555554
b7f3b8bcd964f9e44b212cceabacf877,07a9a154056e210f17bbacd5e30c024c,unknown,2018-06-04 00:00:00,13.0
1dbafa1bd602541ba5249cf8cc388acf,252b493131fc46ee4a19fbfcbd565676,organic_search,2018-06-04 12:47:47,10.53318287037037
dcebacc996ed40656c7097704c600386,d50f6d198921d51b24544738b29d2b0e,referral,2018-06-04 13:55:12,31.58
4c898465f7e0becf53dd933ab2a1b6f9,08083b94b3c7e0847502a026125dbfbd,paid_search,2018-06-04 18:53:50,4.78738425925926
06f38e7909709a72b521a4a9d1c05841,73df8d9e8f8c54d0d42feb9bf58c718c,unknown,2018-06-05 21:47:22,126.90789351851852
24b23168fdaa0d98e9119081cd4fdd3e,0b0c50f6ddac7e6e7ed9d513ec122c74,organic_search,2018-06-06 13:53:35,50.57887731481482
06bc22c1b089be523e97524b67084ca0,71729348559edea55a3e7a2bc2a2986d,unknown,2018-06-06 17:50:28,6.743379629629629
2e57665b8faf05c967a801eb5aedfa0a,55031883943971ca22db6894574cfe2c,paid_search,2018-06-06 20:15:26,12.844050925925925
56e421575126bfe4c0592353bab5cfe6,1f080fb8ad65b21e195b903bd366ae68,paid_search,2018-06-07 13:59:42,7.583125
1ad74caec14332594a6e910b3d183e87,8ed21f7ffec3a30e915d8e85eb3c4f72,paid_search,2018-06-08 12:15:38,58.51085648148148
0d99b130d767e50e22b528261ffe5550,0dccb6973ef48a00fbcccfe907181ab0,organic_search,2018-06-11 12:04:11,13.502905092592593
8928ccba6d94d5f1481c1065330c6066,dd22fbe4df5d84be25176054640b696d,organic_search,2018-06-11 12:36:11,18.525127314814814
a93dc621a446eb77129989e557dd50d0,ec5b3cd9d6bf0a880edfda73562a7cea,unknown,2018-06-11 14:29:08,296.60356481481483
c56202b66d431a16fbc0260c3d2bd1f6,d687681225767af6d214d1b3ae13f66a,paid_search,2018-06-11 19:23:48,14.808194444444444
baf5ecd84c6a8766519b98f66eec1511,e5d7bbbca541b3b39e1649f94074b963,unknown,2018-06-11 21:01:55,32.87633101851852
5c2d8be7b4d5836ebf6e70455ba735df,1ab0c07336fcfada1d031cf1c9718ca7,organic_search,2018-06-12 18:59:26,148.79127314814815
da96552c519b38a0d1b5dabc42e6be00,b03a9c9814f98280b6d91cb560eeda5b,social,2018-06-12 19:54:25,14.829456018518519
bd0c413c4350a9a29fb9bec5de64e2a6,2aeedd049dc20e7171f43110fd0d6821,unknown,2018-06-13 16:37:42,68.69284722222223
67455a0673f5cf26deae5b270c003e83,e7012030d0fdd1d3ca504f6de7909c35,direct_traffic,2018-06-14 14:30:20,142.60439814814814
bf3e0df27b04abb4c107ab4df9955b29,b1116e9a35b2fa91eb4a0af8e73cdc3a,paid_search,2018-06-14 18:51:26,97.78571759259259
1160b456c2b0d88893e20daf51f80f39,bd57c88dfa162e7a0f5284a25935af65,organic_search,2018-06-15 14:04:52,42.58671296296296
1fcceea4a8f4e128f39d1fe92d66a0d9,e52d2f15bba4aff8a1e2bd12b40fdfbc,unknown,2018-06-15 19:49:16,87.82587962962963
5931bbfb35cc483290f5dd6a9fda8ee5,0db0dce302e414422ed38aabd133ae04,social,2018-06-18 12:46:31,43.53230324074074
843966e79e757cf797b7dfe514e30af1,1f74801bb8b05750ce5e7597b685bd13,organic_search,2018-06-18 13:51:38,23.57752314814815
c0fa242837c43fe0531989b269153441,45a9bd664803609f452cce925e21d24d,organic_search,2018-06-19 12:36:05,77.52505787037038
9e7dc95c541eb2d8bf26affe1089821f,b18791c7580856ccf7c72d22acd59873,organic_search,2018-06-19 21:04:53,56.87839120370371
d6140c51d9f0507b9a747e63e335be7d,ce9d7ae0d0fe0a747bc46cf3f089cfaa,organic_search,2018-06-20 18:31:06,29.771597222222223
048bb2f901e2c6f99bc9d26b78b47129,fc813dd7e04b8a1c9c10e8e9c10cd5f9,paid_search,2018-06-25 19:33:44,32.81509259259259
e903c166f2335f821f495e4419b4821b,bcafb8538edd43b166274b25c60b7458,organic_search,2018-06-26 12:51:19,312.5356365740741
0c117e6a0b3f700bd997a11500a5c2e2,596d3b6f78d5a703bfce24b801d2fbdb,organic_search,2018-06-26 17:13:29,113.71769675925925
d636a570e9dc6d962ffce7426b8b53ad,75e645bd511287258a5afc20acd4e338,social,2018-06-28 12:33:50,30.52349537037037
2852475bf1d02022e4eb5269c452259a,1a47a5831effd926ad6bee7ab8beb86c,organic_search,2018-06-29 17:54:16,174.74601851851853
0ec14948e088cd74e70ad82de1128b3b,d449188091598bf0dbd32c312570f168,social,2018-06-29 18:28:26,317.76974537037034
1360d3a80eca6292f33a04f7aebb5fee,12e6ecc830aa50dcace131431d90f426,referral,2018-07-02 13:40:15,32.56961805555556
d78e4f87a5a597a1c8f2663af303e65b,cb141ec6f444a4cb7a2400aaf80b6fc3,unknown,2018-07-02 17:20:22,35.72247685185185
853beae72ddb4f7a9b8c7c50dc0127e2,17595577347283c0140226df762e2e6b,unknown,2018-07-03 12:26:43,92.51855324074074
c34eb63cd098bf4be03d53462d7ecba2,3525be8392a4fa3274c459bcfee41eef,unknown,2018-07-04 15:07:27,116.6301736111111
38cdcd4e817aad01e8408901fa10f392,a1617fea9bff799a4d5b3db7a7baa713,social,2018-07-06 17:10:17,144.71547453703704
e3ad7bdd4df4a7d9653820d9d67d4e49,2f7c0e24a8a8fa5c807b59f66c2e9637,unknown,2018-07-09 03:00:00,69.125
e03c43e6cfff88b9e06badf1de66b950,5f4ffce0fafd72596bcb09d1467981c2,paid_search,2018-07-09 12:54:57,79.53815972222222
af37f5b0de67364f54d9b53d8e8afbfa,27bcbf1bcae4a9c14c54627933160f37,organic_search,2018-07-09 14:53:03,216.6201736111111
00dc5000951c268cc8655294daf67b1b,00065220becb8785e2cf78355eb9bf68,paid_search,2018-07-10 11:34:50,106.48252314814815
92732d8798add606646430bbd6748bfd,2fc89ae84d3c48eda4b268408f6ad6d7,paid_search,2018-07-10 15:57:10,81.66469907407408
2b736f73615495dbfc8c911ef6378747,abcb0f101902cd0ca5bfddc35ddab560,referral,2018-07-11 14:58:50,132.62418981481483
7f6401a2da5927d2c2fe3b6b946a9f37,837db36e3b34fffca8725343601a74a7,unknown,2018-07-12 19:56:39,73.83100694444444
4e6e15ac583426150b75fc9b2951c7b1,a333655afd62d4ef51f55ac7c58abb34,paid_search,2018-07-12 21:14:21,111.88496527777778
0a634763cc1a09532dd8cbf0e74e3d48,8c4e430c5e662c328d3c84d334871709,social,2018-07-13 17:38:49,84.73528935185185
92c9627a1529f28cb04691b9fe1f6ec8,63972c86dd9a38da4f3d8b5ccec2ee60,organic_search,2018-07-13 19:46:12,191.82375
4a907eba6a8d0223e39ee7d45672e26b,75fe775fe1a7ad296e77ea7e66b35ac3,organic_search,2018-07-13 20:14:57,65.84371527777778
b4994d8000b83caf4875f9cf28664194,7ee00840eff17f731c41f35b12184c96,organic_search,2018-07-13 21:58:39,108.91572916666667
dc5cd6ec5b2df75ead63c98d5963e732,d82168bc00226dc72728bc957d2539bc,organic_search,2018-07-17 17:02:36,166.71013888888888
1db2d761017113fbfd4246f0402ac4e0,f1340f6d3347d9fae747fc3d236a2e41,organic_search,2018-07-17 20:12:39,194.84211805555555
1d015de3059eb8754a365b5bbc735818,2157c762d011d8bdf2097f45d80df0ef,referral,2018-07-18 18:48:13,56.783483796296295
cd60cded04fede4abccff6e0dea36f6e,dd3c4f2160ceb84483c6ef84ddc541e0,organic_search,2018-07-20 20:30:20,153.85439814814814
7f1a58f7b373d68560c1cf8e340e87ae,0b7589387392dd2e2458f86606aa2a99,organic_search,2018-07-26 16:15:33,148.67746527777777
100a1f43c56bb71781a2231a79900488,297be0a3c196d803e4e4f013432be4e1,social,2018-07-30 14:02:01,85.58473379629629
3db893ff5d6c0e9dccfed451a741853f,21f3118106d69d16dfe7d5aaf37cb242,organic_search,2018-07-30 20:30:31,335.85452546296295
51d81424aa2d36bf4248ae8a4a3cc885,62b967c1884c0e9ca8b9dba64be0b136,direct_traffic,2018-07-31 13:29:15,66.56197916666666
a0604c9d9ef23fbf7cb7be5091201041,b7140ce94c4514bf136a2c3f98e0476c,unknown,2018-07-31 20:01:32,125.83439814814815
3f2a136272ab1bc4ee09e0695becffd1,6c6d00f0561125a66cffac53cfe3f913,social,2018-07-31 22:29:03,99.93684027777778
df9a2abe2ad3f2d8758b675ac8331ecf,bfcc27719640628da877db48b672b169,organic_search,2018-08-01 20:22:31,126.84896990740741
3505514e9f9ba3724fc51cb3278e0e67,9ebf0ac03992f6240c8339820ed03581,unknown,2018-08-02 17:32:16,254.73074074074074
d2c1295f655a2d436edda96084211820,f49987b20beada69981c57899ffd1095,email,2018-08-03 17:41:00,93.73680555555555
1e2a84cd1c6fcd7b7a07f49f1cf7f6cc,f4009c6b30765309a251c26bc458e0e5,organic_search,2018-08-07 19:47:27,91.82461805555556
667f061b738858573caad66f5cc56b32,96c1c7f1f24470915da80563cd1202ea,organic_search,2018-08-08 16:22:31,189.68230324074074
b83a52c035258ed43d787106b1765e35,99a6380f4dd5ed504cd8003d94d0be25,organic_search,2018-08-08 21:14:25,72.88501157407407
f49a02e0f135ae9f2bcf60f55bcd0174,f212a20c700f5a7c3d4de5ef38e02c42,organic_search,2018-08-10 13:01:03,216.54239583333333
3172362312fcf09d96f02125f66b74f5,fa7cc273072520346449b9e89329768a,paid_search,2018-08-10 16:46:39,101.6990625
54007efbb2ae51f02c995466f0738caa,7d91f9d655df761fd0cf119733a61e74,organic_search,2018-08-14 13:56:57,92.58121527777777
7e4bb8c8f3bdcbece5996f24ba507120,843c73eda46e28b278031033b616bc8e,paid_search,2018-08-14 14:48:04,306.61671296296294
f220cfabf79009211ae4493c75c742a9,1b69e7630792e60471efca457d5b57af,organic_search,2018-08-15 19:09:36,112.79833333333333
b4abf3d319afe2544a5dd0966141ef10,876300c1c122f7fafd3ba74a478221f4,paid_search,2018-08-17 03:00:00,163.125
5290b66ff9e0c1115614365d8e20f10c,ab2a1539d7cdbddcfb6b568447ed767d,unknown,2018-08-17 14:41:00,155.61180555555555
2d425507027fe5ccf5e23dc6bf98af4b,34fe2ce0770697c1b8b35c13a8e2f7d4,social,2018-08-17 19:29:47,306.81234953703705
fef0383cea937628ff95eb48ba1ffd17,0fe3372ef9bebf177e6cb95fa0340fb6,organic_search,2018-08-20 13:15:36,120.5525
fc0a87e43ede1f423412583293815598,90c523952c5622d268addb6d93a7212f,referral,2018-08-20 13:59:51,96.58322916666667
a57bf18e19b6b17e3d4fbc20561e2055,2a17b229ca84523393b003b7e0bfae63,organic_search,2018-08-20 14:41:13,353.6119560185185
30c1778642a506dbd803a0fa5ece533e,157497483bb7876340ea4441c9bd1774,organic_search,2018-08-20 17:50:56,336.7437037037037
f1a425f699458e09372b5da49c06fd33,3b945b144f631e998d7e484cc48b3783,paid_search,2018-08-20 21:05:48,210.87902777777776
5ee85f64aafcce6b24e3e1171a475ea6,d8887be1427e48581e65fed5faf03bce,unknown,2018-08-21 12:30:34,199.52122685185185
0e327f32dbb22d433600688b7e9af0db,cee4320453079d554562dee0753d7d43,paid_search,2018-08-21 21:07:30,88.88020833333333
b64eccfaa3c560d142a15ca43a0ddc98,3844ab927429de8fcb426e4886024ee9,organic_search,2018-08-22 13:14:44,106.55189814814815
288ba9abad93ef50e6a76089ae84aab3,a8fee0ab6206634206f782c32e41a2a4,organic_search,2018-08-23 12:46:40,85.5324074074074
b39ac02ff5021fed10cb9988a23d5d02,7c7d0dee362960b1d9b01fe7284e19ba,social,2018-08-23 21:56:01,371.91390046296294
ed1f42da2c5662307df13fe5648b05bf,89c4c1dfaab405a37514bda5243b0206,referral,2018-08-24 03:00:00,127.125
6e668e75a724c96385d31729d5f7759b,f50d9d5fa45cba8c1a6b643987810c34,paid_search,2018-08-24 11:54:08,87.49592592592593
902a621ebb8a96c516d34a58334eb0ee,2aef4c8187ab057d6f1b7e0e636aa481,unknown,2018-08-28 17:09:31,316.7149421296296
3fc2d2c3597b3e7b87c17651f98f6c22,6514418ce691fad2663207c14a1fc1f4,social,2018-08-28 21:30:52,110.89643518518518
d79c868179307f1cf78d0a12c56e2bf9,25ca84afdd32ede184dba55631c55274,organic_search,2018-08-30 12:32:15,341.52239583333335
8cfebc3e119ed2fe0dd172eb59b0a595,40105cb0aec41563d24ccc7b90ae7083,paid_search,2018-08-30 22:00:23,180.91693287037037
fe7fdf179234f77c4d0ab2ea82a82c52,e19d488f67425e5a884abb42dfa0c458,organic_search,2018-08-30 22:34:38,114.94071759259259
888a8ba5a910f3b25c9b95dedfdc04b2,b30aab8e0bdb2b3876d33df69222cc5b,organic_search,2018-09-03 03:00:00,321.125
1b061b1cec6b5898e5326992d9461610,351cc0833086e30c04f3b0a15dbc3e93,organic_search,2018-09-03 19:15:53,172.80269675925925
a55b94066766f2d29fc22a3bb52d78f6,5181ea7b0d346ed14c5c07f0ff22b2b4,paid_search,2018-09-04 14:15:04,198.5937962962963
98f57d973e7f90b1b813f13e5ebd847c,dd27d8e77c7920dc26f5da40bf65ce73,paid_search,2018-09-04 14:34:07,103.60702546296297
7f95cccd5ccfb40b086d93e209d08ebf,b28c0625f1f26655cfa0f370be1164ac,paid_search,2018-09-05 14:32:37,175.6059837962963
c22f68de5bdce96fee03e21ca08d898d,b15dd2f0fabf60d00bb3bc95834fb45d,paid_search,2018-09-06 16:31:09,211.68829861111112
bae38661a27f6228ba38c36e766ed769,6a6b1614baaaf766293c17d8cb8c5a9d,social,2018-09-10 14:18:01,204.5958449074074
cb0f32260247ecac66b2954d6320f6be,7e165d0fd266781dbf944faf150e265b,organic_search,2018-09-10 18:10:00,228.75694444444446
9c2bfd97ce00ce9553bdc0f34c3532b6,ae9cf62cf691b753d4f0d3d40731cc3c,paid_search,2018-09-10 20:48:01,110.86667824074074
33ce1e734d9d50629fa2c36769285d53,53be10ff134691e94a4089b41c75874f,unknown,2018-09-11 13:14:37,427.5518171296296
1124225a47b3f07185073f3df3b449bf,faf3ee2764599d114d7e8f25d4c19845,social,2018-09-11 19:25:49,113.8095949074074
e4dcab5f7c33b62eb67f0a87c1b7f162,9485222b0bad29d3b0e860fa5ec1fdd4,social,2018-09-13 03:00:00,175.125
010ed37e44e2fdc175b4c5c6c930805a,8c6d188ef073e289887bc52bc37f3e61,paid_search,2018-09-14 14:43:50,192.61377314814814
e73083572cc595460842f5090da94662,facd538cb53fa082bffaeee65521020a,paid_search,2018-09-17 12:03:18,144.50229166666668
6456e5e81dd87446f811df77548e6a6b,76e8c36299440e255379b5fa7f03f272,organic_search,2018-09-20 17:13:05,131.71741898148147
58caf27a48e7930aefd5437298d64a70,922f6795c9e65f2485d4e63af76586ff,paid_search,2018-09-21 18:18:15,182.7626736111111
4ddc45a9de1065695a90e87be37471c0,9d590e1df0faffd9ceaa1f0f0ea9af2f,organic_search,2018-09-21 18:49:49,169.7845949074074
50523d9bd9d5d9a44bbc2f778954c5ae,9966324e28b7fa38165d2d3d12d53b7f,paid_search,2018-09-24 20:45:42,184.86506944444446
165d6a6256273a3430fa4891413ac2f0,e0cfd7ece071eb006b1670ea64d0904e,organic_search,2018-09-25 11:55:05,200.49658564814814
3d2c7bb8be9ea80c1477b6778fbd2cf6,bd585fa4d871cd7600ec8a2b90c57a4e,paid_search,2018-09-26 11:48:53,137.49228009259258
a8d2884db49e0769ad4a0b8dce2e143c,d65f74c704563bcb8baa915fbf8cfa1e,unknown,2018-09-27 12:31:01,210.52153935185186
dada30935bcfc75c69e651430ea8815f,f2c87addc7e39e1c73457c4ec85ed728,organic_search,2018-09-27 17:36:04,236.73337962962964
8723201570415eb23b4f095d8c20a27c,4a82eab98441aeb64566e2776c1fb2b6,organic_search,2018-09-27 18:58:41,132.79075231481482
6d78dcbeb39103c047f486abd2519ee4,366b6b05f39997f102dc5179de14d43c,paid_search,2018-10-01 12:27:47,241.51929398148147
c2bb2199cb1cff125e02122597fbfb29,4de7a9f2b6acffd74c9f148f8902b854,organic_search,2018-10-01 12:31:26,181.5218287037037
7720c6892d447539b71d8bd9e4d1ef60,3786da2e9afd5d55617521bd1685dec0,organic_search,2018-10-01 17:47:09,203.7410763888889
0383bd4aa37e8dd109be3864bc703eda,9fbe791853dbd2e3894d85162a8ff934,paid_search,2018-10-02 21:25:39,341.8928125
f88920d4589dae7abec2eb05fca153e3,026c6180cd86d6069dad573ce69b465e,paid_search,2018-10-03 12:28:55,329.5200810185185
c5b432382d5978b94676426a32725dff,3cbdc3237aa8afe44324bda4a1ccf676,paid_search,2018-10-03 18:32:49,373.7727893518518
10d6786c2646e4ef82973b3045096882,fb66238168277301f44d960416bf5c1f,social,2018-10-05 12:35:50,156.52488425925927
3f972cdb5e257034c5ad72bd3b0ed184,a0ed0c00bfd64109d4ea03c97cc12486,unknown,2018-10-08 17:22:23,325.72387731481484
9b6e0fb52eba76006d3d11ead82fad4d,ceb123995e945aab9f7c259819f70a2e,email,2018-10-10 01:15:56,210.0527314814815
67577e94367b2efc073a5c9085a0e31d,5a4473aa20aec979dea3eee0822165aa,direct_traffic,2018-10-10 16:35:47,306.6915162037037
5527123f5a35a024c0f3bf4689e76e7b,6a87cbc1ebb8046bb3a851059feb6df3,organic_search,2018-10-18 16:27:51,241.68600694444444
80a19b2bee623d67010812c64f360300,abc39d62971a3ef6d4b285f65513006f,unknown,2018-10-24 11:33:31,260.4816087962963
6a10f542e6f79265c34a405dbc928e37,6fcc97197c64771f3c18aea3aa9d3913,organic_search,2018-10-24 19:33:34,155.81497685185184
f613b01d52b86da04ae810f173d5aaef,f093be9f8ecb3904adb95cbe76434e1c,organic_search,2018-10-25 17:16:36,202.7198611111111
b02c6bdb3693e65bd8e9b75df65fe2c4,588e81a6924bcffd4e366453885e72b1,paid_search,2018-10-26 17:06:53,178.71311342592594
058172f0764ed2bfad2c7aa7cb9ae15f,8c818d927ba4145304edccf74293f8b6,organic_search,2018-10-29 14:54:02,164.62085648148147
0dabd1a1be08da96cd6fa993b9afb0a8,a0b6a15b3b776d289bb0eca2d9115eaa,paid_search,2018-10-29 16:54:59,156.70484953703703
3223fed48f30bbdc0f6040b466516bcb,0d7d5bca59d45d750fb7913b974e9d08,unknown,2018-10-30 11:54:22,292.496087962963
d768d7e09a6f9ff4146a1659635cf304,f233b575e585413f12fe2f847d922447,unknown,2018-10-30 18:21:05,340.7646412037037
72e81de94dfc0373b006ca75e9c851a1,2f1e89e231b096f4ff1f55dfe8607a7b,paid_search,2018-10-31 16:54:59,252.70484953703703
9af7ea3259a69623a41b6e8bf98a52b4,1832c08bba48a37868d4093259e8c288,direct_traffic,2018-10-31 19:17:57,163.80413194444444
963637be23e343ea96024053fdecd723,e00c0a3af0718a2ecf6618c84cd1b1ff,organic_search,2018-11-01 11:47:50,207.49155092592594
4fbe9e8a0ace3a44f0a9e1d7fe41da02,9169e322ad3419286d1e5ee8f1c3b3f0,organic_search,2018-11-01 15:36:16,206.6501851851852
ce721edac2d10ef0b2ee26c40924d7a5,710b15ab273348b3db04d636937061c3,unknown,2018-11-06 19:41:39,321.8205902777778
9dde4d7713ae64986ab6f5c9f9cf94d3,c33e6d3ad32fd5bec1b0f2522f668213,organic_search,2018-11-09 20:06:38,195.8379398148148
d5cb61eef98bd237e41bc2225263f823,7e1f0755f1c75e301dfa37c21fd01efe,paid_search,2018-11-12 19:17:25,260.8037615740741
20fcec0873b39b4df3df34140d77d6e7,cee3c487c56d29554a22d112af618301,organic_search,2018-11-14 18:04:19,306.75299768518516
