sr_id,closed_deals,active_sellers,gmv,gmv_per_closed,close_days
060c0a26f19f4d66b42e0d8796688490,32,14,53828.73,1682.1478125,25.885250651041666
068066e24f0c643eb1d089c7dd20cd73,27,6,6792.66,251.57999999999998,123.02446244855967
0a0fb2b07d841f84fb6714e35c723075,1,0,0.0,0.0,306.75299768518516
2695de1affa7750089c0455f8ce27021,59,20,39925.53,676.7038983050847,49.04958627589454
34d40cdaf94010a1d05b0d6212f9e909,10,2,4772.4400000000005,477.244,172.7027013888889
495d4e95a8cf8bbf8b432b612a2aa328,63,29,31193.07,495.1280952380952,50.017256571087216
4b339f9567d060bcea4f5136b9f5949e,9,1,102.05,11.338888888888889,181.22131044238685
4ef15afb4b2723d8f3d81e51ec7afefe,133,74,94760.66,712.4861654135339,31.184953442634363
56bf83c4bb35763a51c2baab501b4c67,24,11,15813.6,658.9,55.842070794753084
6565aa9ce3178a5caf6171827af3a9ba,74,35,46917.31,634.0177027027026,26.466293793793795
6aa3b86a83d784b05f0e37e26b20860d,1,0,0.0,0.0,321.8205902777778
85fc447d336637ba1df43e793199fbc8,64,32,38984.93,609.13953125,34.43302535445602
9749123c950bf8363ace42cb1c2d0815,7,0,0.0,0.0,234.34620535714288
9ae085775a198122c5586fa830ff7f2b,51,22,135244.59,2651.854705882353,42.339279684095864
9d12ef1a7eca3ec58c545c678af7869c,6,1,50.0,8.333333333333334,214.9168036265432
9e4d1098a3b0f5da39b0bc48f9876645,24,12,18593.73,774.73875,17.485050636574076
a8387c01a09e99ce014107505b92388c,26,13,6037.75,232.22115384615384,97.34003739316239
b90f87164b5f8c2cfa5c8572834dbe3f,1,0,0.0,0.0,175.6059837962963
c638112b43f1d1b86dcabb0da720c901,36,15,69115.05,1919.8625000000002,23.043643261316873
d3d1e91a157ea7f90548eef82f1955e3,82,41,45099.05,549.9884146341464,47.279257424345076
de63de0d10a6012430098db33c679b0b,53,18,26467.48,499.3864150943396,62.38021117225716
fbf4aef3f6915dc0c3c97d6812522f6a,59,30,31159.37,528.1249152542373,22.61843161487759
