sdr_id,closed_deals,active_sellers,gmv,gmv_per_closed,close_days
068066e24f0c643eb1d089c7dd20cd73,81,43,65035.950000000004,802.912962962963,31.86250671582076
084b6fbb10729ed4da8c3d3f5a3ae7c9,1,0,0.0,0.0,306.75299768518516
09285259593c61296eef10c734121d5b,42,20,10049.13,239.265,37.323462301587305
0a0fb2b07d841f84fb6714e35c723075,25,9,15167.59,606.7036,65.30452361111112
0cdad77786224a7cefea567b8c75c3c1,2,1,49.0,24.5,24.2635474537037
19f3cd308f1455b3fa09a282e0d496f4,1,0,0.0,0.0,195.8379398148148
282f16e20d50cb18d05182e80f6b9dd6,1,0,0.0,0.0,340.7646412037037
2b63542749aa9caf15f21816da1db341,3,0,0.0,0.0,275.017600308642
323cff2ceea1814239bc2c7e614d260d,3,0,0.0,0.0,104.80742283950617
33dd30594303eb0ebe12a556d612c437,3,0,0.0,0.0,215.98096836419754
34d40cdaf94010a1d05b0d6212f9e909,41,14,10974.29,267.6656097560976,44.038972165763326
370c9f455f93a9a96cbe9bea48e70033,51,21,32148.79,630.368431372549,51.50029434458968
45749fb708130f78d0db07d8d80f030b,8,1,50.0,6.25,209.25629918981483
4b339f9567d060bcea4f5136b9f5949e,140,69,65956.7,471.1192857142857,34.24616129298942
56bf83c4bb35763a51c2baab501b4c67,74,30,181198.67,2448.630675675676,27.80335288413413
5b7ce8c2b0fe4c2f52a0763046914ef4,1,0,0.0,0.0,163.80413194444444
6aa3b86a83d784b05f0e37e26b20860d,2,0,0.0,0.0,291.2177199074074
6b13bcea409754a002210eb96b8aad4a,1,0,0.0,0.0,69.55700231481481
9749123c950bf8363ace42cb1c2d0815,6,2,967.0,161.16666666666666,164.41826967592593
9ae085775a198122c5586fa830ff7f2b,1,0,0.0,0.0,4.083333333333333
9d12ef1a7eca3ec58c545c678af7869c,66,31,47631.59,721.6907575757575,46.195015607463525
9e4d1098a3b0f5da39b0bc48f9876645,55,30,63021.67,1145.8485454545455,18.986011574074073
a8387c01a09e99ce014107505b92388c,59,34,55018.33,932.5140677966102,26.579318925606643
b1b3ec93fc27a19fdb1c1b1fc997776a,1,0,0.0,0.0,321.8205902777778
b34f6eba10f46bf9a657a01c108a8284,3,0,0.0,0.0,183.38297453703703
b90f87164b5f8c2cfa5c8572834dbe3f,25,15,35507.06,1420.2823999999998,93.41045092592593
de63de0d10a6012430098db33c679b0b,53,24,34183.75,644.9764150943396,33.67767819706499
e4a6222cdb5b34375400904f03d8e6a5,1,0,0.0,0.0,260.8037615740741
e7dff61b78bebffa71678e126ce669ad,13,0,0.0,0.0,199.92752047720796
f42a2bd194f7802ab052a815c8de65b7,42,15,18497.35,440.4130952380952,78.98932787698412
f6c6ab65a1c732f154b371401448be6d,3,2,1638.6599999999999,546.2199999999999,90.68994598765431
fdb16d3cbbeb5798f2f66c4096be026d,34,15,27762.47,816.5432352941177,30.67265216503268
