business_segment,closed_deals,active_sellers,gmv,gmv_per_closed,close_days
,1,0,0.0,0.0,296.60356481481483
air_conditioning,3,2,2650.0,883.3333333333334,22.676014660493824
audio_video_electronics,64,31,49423.44,772.24125,63.90686631944445
baby,10,6,14210.960000000001,1421.096,49.05785300925926
bags_backpacks,22,14,13933.81,633.355,20.20480324074074
bed_bath_table,22,10,15448.53,702.2059090909091,44.052582070707075
books,9,4,6942.889999999999,771.4322222222222,42.8264146090535
car_accessories,77,30,30005.98,389.68805194805196,51.0990373977874
computers,34,12,11772.29,346.24382352941177,55.67652811819172
construction_tools_house_garden,69,32,32007.07,463.8705797101449,61.354985909822865
fashion_accessories,19,6,7831.08,412.1621052631579,51.71502132066277
food_drink,26,9,3702.93,142.42038461538462,32.23647391381766
food_supplement,28,8,10364.05,370.14464285714286,39.02980902777778
games_consoles,2,1,657.0,328.5,26.20413773148148
gifts,5,3,1011.27,202.254,47.29100231481481
handcrafted,12,3,875.9,72.99166666666666,61.11950906635803
health_beauty,93,44,88924.34,956.1756989247311,36.10569255736715
home_appliances,7,5,26241.170000000002,3748.7385714285715,51.47315641534391
home_decor,105,43,43809.33,417.2317142857143,50.72467427248677
home_office_furniture,14,3,9900.56,707.1828571428571,22.406344246031747
household_utilities,71,44,51280.87,722.2657746478874,53.483502380020866
jewerly,8,0,0.0,0.0,52.487931134259256
music_instruments,9,4,5839.639999999999,648.8488888888888,58.78017232510288
other,3,0,0.0,0.0,254.46489969135803
party,5,1,388.98,77.796,44.83077314814815
perfume,2,0,0.0,0.0,149.61570023148147
pet,30,17,40498.83,1349.961,29.855551311728394
phone_mobile,13,5,4281.39,329.33769230769235,30.16448985042735
religious,1,0,0.0,0.0,4.68582175925926
small_appliances,12,7,47674.87,3972.9058333333337,62.71787712191358
sports_leisure,25,13,15591.52,623.6608,27.3538087962963
stationery,13,7,8131.36,625.4892307692307,37.111968482905986
toys,20,10,5556.86,277.84299999999996,64.91981018518518
watches,8,2,115901.08,14487.635,92.25501591435186
