seller_id,origin,gmv,orders,seller_rank,n,total,cumulative_gmv_share,top10_flag
7d13fca15225358621be4086e1eb0964,unknown,112436.18000000001,558,1,376,664858.0,0.16911307376913567,1
ba90964cff9b9e0e6f32b23b82465f7b,organic_search,44212.5,38,2,376,664858.0,0.23561223599625783,1
c70c1b0d8ca86052f45a432a38b73958,paid_search,36289.15,260,3,376,664858.0,0.2901940414344116,1
612170e34b97004b3ba37eae81836b4c,organic_search,23065.02,107,4,376,664858.0,0.3248856898766353,1
6061155addc1e54b4cfb51c1c2a32ad8,organic_search,15633.4,28,5,376,664858.0,0.3483995830688658,1
70c27847eca8195c983ed7e798c56743,social,12077.52,77,6,376,664858.0,0.3665651462417539,1
c510bc1718f0f2961eaa42a23330681a,unknown,10141.0,12,7,376,664858.0,0.3818180273080869,1
db2956745b3a8e9f3785c99f34b5d25e,unknown,8261.0,45,8,376,664858.0,0.39424323690171437,1
4bfc7a4a1cf8d4d2121c27422d9e50b5,paid_search,8124.4,26,9,376,664858.0,0.40646298908939954,1
8476243f92442881ddd5b578975cf115,unknown,7838.0,12,10,376,664858.0,0.4182519726016683,1
8a432f4e5b471f8da497d7dc517666e2,organic_search,7555.0,95,11,376,664858.0,0.4296153013124607,1
0873d9f8f36123f8d910f4760e788cfb,unknown,7265.59,6,12,376,664858.0,0.4405433340653192,1
ade45994b717ccee333492330fbf037b,social,7196.0,10,13,376,664858.0,0.45136669785127054,1
cc63f0dd2acba93ffed4fe9f8e0321fa,social,7096.71,55,14,376,664858.0,0.46204072147736813,1
58f1a6197ed863543e0136bdedb3fce2,paid_search,6833.0,44,15,376,664858.0,0.472318104016196,1
33dd941c27854f7625b968cc6195a552,email,6787.5,5,16,376,664858.0,0.48252705088906206,1
5670f4db5b62c43d542e1b2d56b0cf7c,paid_search,6630.09,22,17,376,664858.0,0.49249924043931187,1
516e7738bd8f735ac19a010ee5450d8d,paid_search,6463.19,74,18,376,664858.0,0.5022203989423305,1
dbdd0ec73a4817971d962698f2fea022,direct_traffic,6384.0,16,19,376,664858.0,0.5118224493049643,1
02f623a8eb246f3c5f7c2f96462654e6,organic_search,6378.0,44,20,376,664858.0,0.5214154751841746,1
ba143b05f0110f0dc71ad71b4466ce92,paid_search,5998.7,83,21,376,664858.0,0.530438003302961,1
f46490624488d3ff7ce78613913a7711,other,5690.95,80,22,376,664858.0,0.5389976506261488,1
a63bfbaa882c8f4542891b4e2246cc7f,referral,5682.0,6,23,376,664858.0,0.5475438364282298,1
4d0041cdbe51b4617d95c70b19decc74,organic_search,5235.200000000001,8,24,376,664858.0,0.5554179990313721,1
d566c37fa119d5e66c4e9052e83ee4ea,organic_search,5145.7,65,25,376,664858.0,0.5631575464234468,1
3ab971ce71839580d2ae5b4e40fe8044,organic_search,4917.0,35,26,376,664858.0,0.570553110589028,1
fcdd820084f17e9982427971e4e9d47f,unknown,4783.99,16,27,376,664858.0,0.5777486169979154,1
dfa0c4c6229ab200a4a1336b4d7128ff,paid_search,4777.1,77,28,376,664858.0,0.5849337602916713,1
968268a686aa05d1f529fb07dff08130,referral,4677.29,12,29,376,664858.0,0.5919687813036769,1
1a932caad4f9d804097d7f8e615baed1,unknown,4661.0,20,30,376,664858.0,0.5989793008431875,1
1fe5540d7c1c37a595fefbacd5570d9e,paid_search,4537.6,20,31,376,664858.0,0.6058042168402877,1
9803a40e82e45418ab7fb84091af5231,organic_search,4278.75,11,32,376,664858.0,0.6122398015816912,1
9b1585752613ec342d03bbab9997ec48,organic_search,4248.98,3,33,376,664858.0,0.6186306098445081,1
65febd49fd28ec955651299159b1f527,organic_search,4136.71,33,34,376,664858.0,0.6248525549816653,1
6b3bd31ad8fcda4b2635ec9f3ff2ecdf,paid_search,4063.9,35,35,376,664858.0,0.6309649880124778,1
382229d1e840115ffe3dbf5ff460e417,organic_search,4037.06,45,36,376,664858.0,0.6370370515207758,1
42fa4ee7240e9b8eb4576358ec142ba7,unknown,3845.7,22,37,376,664858.0,0.6428212941710861,1
271c58a1d139c45eaf3316107c6d3a3b,organic_search,3597.63,27,38,376,664858.0,0.6482324195542507,1
bce6a5ecf98e99fd2a8868b15c51f04b,paid_search,3464.9,14,39,376,664858.0,0.6534439083232811,0
6b90f847357d8981edd79a1eb1bf0acb,organic_search,3322.08,45,40,376,664858.0,0.65844058430522,0
54c04bdb5ec46762f8f08c7e8f86ed4a,organic_search,3281.66,18,41,376,664858.0,0.6633764653504959,0
594f9aaa48e5bf431f011ddc5669b0d5,paid_search,3248.8,37,42,376,664858.0,0.6682629223082223,0
4c18691b6037662be2df78a765d98ab5,unknown,3195.52,63,43,376,664858.0,0.6730692418531476,0
5bc24d989e71e93c33e50a7782431b0e,paid_search,3148.0,17,44,376,664858.0,0.6778040874893587,0
d3dcf0604eabf0224fbd5948b5e02f69,unknown,2902.2999999999997,9,45,376,664858.0,0.6821693805293763,0
b494891378bd8f4560abe576c52deacd,organic_search,2839.0,19,46,376,664858.0,0.6864394652692756,0
ae7ab174effdead6c241e547e4ca13f0,organic_search,2778.6,6,47,376,664858.0,0.6906187035427114,0
1444c08e64d55fb3c25f0f09c07ffcf2,organic_search,2749.0,1,48,376,664858.0,0.6947534210312578,0
ffa6adafb71b807dc13159e26431354c,organic_search,2500.9,17,49,376,664858.0,0.6985149761302414,0
cfe94489ddd337d1e29e12f2a7205d10,unknown,2376.0,20,50,376,664858.0,0.7020886715659584,0
120476eb7a04c149d14772edaf5d9bf2,paid_search,2368.8,4,51,376,664858.0,0.7056515376215673,0
c004e5ea15737026cecaee0447e00b75,paid_search,2350.0,1,52,376,664858.0,0.7091861269624491,0
34f563c82a85b99ae9e6d60db5fc2e28,organic_search,2332.3,8,53,376,664858.0,0.7126940940772315,0
7238a95bb63ef7e498389fb863b834a1,paid_search,2265.7,15,54,376,664858.0,0.7161018894260128,0
54583ab379489add547fe47b628db589,unknown,2240.0,10,55,376,664858.0,0.7194710299041299,0
cac876b37d3abcd6bd76caca30277996,paid_search,2229.77,27,56,376,664858.0,0.72282478363801,0
77a515caa36327151d1cc6c32a9f00e1,paid_search,2217.39,26,57,376,664858.0,0.726159916854426,0
850913d59ce317156b00f3705f1c3edb,paid_search,2183.0,29,58,376,664858.0,0.7294433247400196,0
7fc87cc3e89b3d1d5cabdca32f8485aa,paid_search,2153.9,14,59,376,664858.0,0.7326829638810092,0
723cd880edaacdb998898b67c8f9da30,paid_search,2136.5299999999997,11,60,376,664858.0,0.7358964771424876,0
df91910b6a03bb2e3358fa6a35e32f6f,referral,2093.2,13,61,376,664858.0,0.7390448185928423,0
8de8fe3af4449ed695d2434c933ed73e,organic_search,2090.0,1,62,376,664858.0,0.7421883469853713,0
165b1235e9e9942cb5fae67103576fb0,paid_search,2085.15,11,63,376,664858.0,0.7453245805871329,0
6aa3928696eab49a19a466e665a649fd,unknown,2075.0,18,64,376,664858.0,0.7484455477711031,0
fac1a9017ade7bdc94058fc1c969f355,unknown,2010.84,9,65,376,664858.0,0.7514700131456642,0
3d2531eccfbde1d7c8db7a3a12fb267a,organic_search,1999.54,10,66,376,664858.0,0.7544774824097777,0
c013e57c075a06e5b5c48ee03c525719,social,1971.55,42,67,376,664858.0,0.7574428524587206,0
7ade73f1b9b4e965f9009a4c3a7e2c15,organic_search,1835.3000000000002,26,68,376,664858.0,0.7602032915299206,0
6a38087bc8ad4f89ff453561005f6dea,referral,1833.43,15,69,376,664858.0,0.7629609179704538,0
c3e1abd72a42fe690fcd89cf5720fe29,organic_search,1798.61,13,70,376,664858.0,0.7656661723255191,0
ca4b77513ac2040591b0d8fae6958380,social,1772.45,14,71,376,664858.0,0.7683320799328578,0
26e2c91ef821e1ff8985f408788fe35b,direct_traffic,1649.4,12,72,376,664858.0,0.7708129104259857,0
845e8036c3f7bf62099352f5ed910240,unknown,1584.6000000000001,21,73,376,664858.0,0.7731962764981394,0
f3c38ab652836d21de61fb8314b69182,paid_search,1581.0,15,74,376,664858.0,0.7755742278802391,0
134285d1f41da5c13a756ee8142c8a4e,paid_search,1572.6999999999998,3,75,376,664858.0,0.7779396953936029,0
cbf09e831b0c11f6f23ffb51004db972,organic_search,1535.2,10,76,376,664858.0,0.7802487598855695,0
ffc470761de7d0232558ba5e786e57b7,unknown,1529.13,27,77,376,664858.0,0.7825486946084728,0
5bf397d04035b5f45cc41e82ec106803,direct_traffic,1525.0,3,78,376,664858.0,0.7848424174786195,0
094ced053e257ae8cae57205592d6712,direct_traffic,1519.2,19,79,376,664858.0,0.7871274166814568,0
5e105f5c9f63f5f1fd75d6cb942e55b1,unknown,1471.9,8,80,376,664858.0,0.7893412728733052,0
d7827b2af99326a03b0ed9c7a24db0d3,paid_search,1455.0,1,81,376,664858.0,0.7915297101035108,0
a414555ce331b8c8aea4a9cb8395194d,organic_search,1450.95,7,82,376,664858.0,0.7937120558074056,0
dace965ca58120f92f8d742a9fa1864b,organic_search,1442.0,8,83,376,664858.0,0.7958809399901935,0
d1ef48b38baca7e831711c4a0aeb398f,organic_search,1439.13,28,84,376,664858.0,0.7980455074617439,0
5b0cc932433fa5184b5b94bfe6bcc256,social,1437.8,12,85,376,664858.0,0.8002080745061352,0
c5f7e746b7e6d07def6c0dae9903279b,organic_search,1429.0,10,86,376,664858.0,0.8023574056415054,0
af3ef48d0e13835e529c29ac573c63e5,unknown,1405.63,21,87,376,664858.0,0.804471586413941,0
d4ffeb15b67e81ff9af2b4252d99fb7e,unknown,1400.4,11,88,376,664858.0,0.8065779008449925,0
04843805947f0fc584fc1969b6e50fe7,social,1400.0,1,89,376,664858.0,0.8086836136438157,0
d9a84e1403de8da0c3aa531d6d108ba6,organic_search,1385.3,53,90,376,664858.0,0.8107672164582513,0
88cf19ec1fc2c58f161aee259d57142c,organic_search,1372.97,14,91,376,664858.0,0.8128322739592515,0
985c92cc412091f8529c12d7f23d3fef,referral,1368.5,12,92,376,664858.0,0.8148906082201012,0
556a6409838156ea299c9d1f9e2dde43,paid_search,1362.8,4,93,376,664858.0,0.8169403692216984,0
186cdd1b2df32caa72cfb410bba768d3,unknown,1341.45,6,94,376,664858.0,0.8189580181031137,0
56e361f411e38dcef17cdc2a3d99628b,organic_search,1298.0,5,95,376,664858.0,0.820910314683737,0
4eeb99008a0f59d2c7759c59f9a346eb,paid_search,1282.0,2,96,376,664858.0,0.8228385459752309,0
2646baaf662d4d92ac48f047e35db92d,unknown,1263.05,15,97,376,664858.0,0.8247382749399119,0
da7039f29f90ce5b4846ffc0fcc93beb,organic_search,1259.1,17,98,376,664858.0,0.8266320627863394,0
30a81d8cf85fb2ada1b1b094c9583a95,unknown,1245.42,17,99,376,664858.0,0.828505274810561,0
671585f5a2af58b6e276bc01003c0d2b,social,1244.0,27,100,376,664858.0,0.8303763510403726,0
2cb6eb1b7185064167657fa09f541105,paid_search,1217.9,6,101,376,664858.0,0.8322081707672917,0
788e857f317e53de488d393e65a80f45,organic_search,1210.0,11,102,376,664858.0,0.8340281082577031,0
01fd077212124329bac32490e8ef80d9,unknown,1208.0,31,103,376,664858.0,0.8358450375869735,0
b566ab0ef88016e00422755e305103c6,paid_search,1208.0,5,104,376,664858.0,0.8376619669162438,0
11fb6f6d341adbe19e81733701704635,paid_search,1197.0,3,105,376,664858.0,0.8394623513592376,0
7ff588a03c2aeae4fbd23f9ae64b760d,paid_search,1182.2,14,106,376,664858.0,0.8412404754097867,0
f1b854361f4e15d5851b494df66f22b2,direct_traffic,1168.8,3,107,376,664858.0,0.84299844478069,0
138dbe45fc62f1e244378131a6801526,paid_search,1125.56,49,108,376,664858.0,0.8446913777077212,0
b586cd24c010a13916af621b0325fbba,organic_search,1108.94,6,109,376,664858.0,0.8463593128156689,0
e504a4e2efaa45cbff7e268a2c58c956,organic_search,1088.9,10,110,376,664858.0,0.8479971061489823,0
76ea5315acb3f5f7ade3cd261faf922a,paid_search,1087.06,15,111,376,664858.0,0.8496321319740455,0
fe87f472055fbcf1d7e691c00b1560dc,other,1085.8,6,112,376,664858.0,0.8512652626575901,0
03a2a6dcbe45d639c4dc2a0d24769c40,social,1078.41,9,113,376,664858.0,0.852887278185718,0
596849622429351f47b32e6cae1055ff,unknown,1069.8,13,114,376,664858.0,0.8544963435801328,0
eb72802c83dc7547529c9546d1a9b8ef,organic_search,1063.92,8,115,376,664858.0,0.8560965649807929,0
8fbd63429be6d3e5e6d1a709b6464802,organic_search,1061.4,6,116,376,664858.0,0.8576929960984151,0
1cbd32d00d01bb8087a5eb088612fd9c,organic_search,1045.47,11,117,376,664858.0,0.8592654672125477,0
c54679b132454625907c773d273d4126,paid_search,1032.0,7,118,376,664858.0,0.8608176783613944,0
e58a5b390e28abc0b216cfb0e07d27d7,organic_search,1022.6,7,119,376,664858.0,0.8623557511528778,0
28872dc528e978a639754bc8c2ce5a4c,paid_search,1009.9,1,120,376,664858.0,0.8638747221211146,0
980640c45d7a4635885491d077167e4d,unknown,1004.29,14,121,376,664858.0,0.8653852551973505,0
6025c79c035c3d772133b8b8238463b2,unknown,989.74,2,122,376,664858.0,0.8668739039012843,0
9261d76c62caaf0b24677c2ceb7f8f20,unknown,968.7,6,123,376,664858.0,0.8683309067500128,0
2d42ebcda99fd55f6f4bc2f1ca035d50,social,921.5,10,124,376,664858.0,0.8697169169958097,0
7d7d2b7a51328016102d4528c411d630,unknown,918.8,7,125,376,664858.0,0.871098866224066,0
dc7192adf8ba09569261f4a8d576afe0,unknown,917.0,7,126,376,664858.0,0.8724781081072952,0
e5cbe890e679490127e9a390b46bbd20,paid_search,908.99,2,127,376,664858.0,0.8738453023051539,0
4a1f694197d05fe70026b016a7316b41,paid_search,907.77,14,128,376,664858.0,0.8752106615247166,0
e250d617a0ad591ba9bd663e584a895d,organic_search,904.12,8,129,376,664858.0,0.8765705308501966,0
ae45df84722b1d15c5f32b23a095746c,organic_search,901.8299999999999,9,130,376,664858.0,0.87792695583117,0
e1c76f339ebd5460999f25a2aa8c92c5,email,899.9,1,131,376,664858.0,0.8792804779366422,0
e1dc0754bada9ee4cfe9713f22f61292,organic_search,885.0,12,132,376,664858.0,0.8806115892416125,0
ffad1e7127fb622cb64a900751590acd,organic_search,884.3,10,133,376,664858.0,0.8819416476901835,0
41da412d33e8da4f22baf55cb1bde82c,paid_search,862.9,15,134,376,664858.0,0.8832395188145439,0
2c43fb513632d29b3b58df74816f1b06,organic_search,858.0,3,135,376,664858.0,0.8845300199441083,0
e8dba4d70f7f2b20e775d09cae01142d,direct_traffic,855.91,9,136,376,664858.0,0.8858173775452803,0
bf00385a5f7fc1ef39a13c2e9ee50a5f,social,855.4,28,137,376,664858.0,0.8871039680653614,0
28f10b1c5e5abb9d4857745bede6147c,social,835.0,28,138,376,664858.0,0.8883598753418024,0
daf565f087a52def0fd5c5825b3661bc,organic_search,813.9000000000001,9,139,376,664858.0,0.889584046518204,0
dc64d75cc406bb0697be983831430e60,organic_search,813.0,4,140,376,664858.0,0.8908068640220921,0
bd4431c1a8dfa744b59e1e2a8bc99b9e,paid_search,809.5,7,141,376,664858.0,0.8920244172439831,0
caa9bc43a9fe8cf9c564ddd8a03cc4a6,unknown,803.87,13,142,376,664858.0,0.8932335024922616,0
9c7fd21e0aa159b20da593371f08ff7c,unknown,798.3000000000001,7,143,376,664858.0,0.8944342100117619,0
13511db12ac61e2f89c53b72a944a60b,display,798.0,6,144,376,664858.0,0.8956344663070911,0
3492e68f37fd1df87f4f2f2ea247f445,organic_search,787.86,8,145,376,664858.0,0.8968194712254346,0
9d681c7e12db302cb261e721040dde65,organic_search,785.6,13,146,376,664858.0,0.8980010769216885,0
11742f81550ac064cc9a40f67151d9ad,paid_search,781.9,2,147,376,664858.0,0.8991771175198313,0
70bf57d811208f8923b41bbd499a67a4,direct_traffic,780.8000000000001,7,148,376,664858.0,0.9003515036293465,0
cb6c9f5888a7a090c75beaf615925792,unknown,779.8900000000001,11,149,376,664858.0,0.9015245210255424,0
d66c11a9572221d92fbb8c4897db5f9b,direct_traffic,776.56,16,150,376,664858.0,0.9026925298334381,0
74636e24f01da9268b0ed88dacd8513e,paid_search,776.0,4,151,376,664858.0,0.9038596963562143,0
5c3460cd3e8a984382ae254e7dd20d9f,social,775.76,9,152,376,664858.0,0.9050265018996537,0
4a1917ef994878940e1fb03eeb787ad7,social,768.0,2,153,376,664858.0,0.9061816357778654,0
6f83d9e4da896daae20b9b6b2d3ff8d2,organic_search,765.19,11,154,376,664858.0,0.9073325431896736,0
a56e351445e5863fc8960640ba9190c7,direct_traffic,760.9200000000001,3,155,376,664858.0,0.9084770281774454,0
7c51de0ab286204ce75ff42bf7c10d92,direct_traffic,759.0,4,156,376,664858.0,0.9096186253305216,0
87d3c3aeb3ead335511b3ce315eb341e,direct_traffic,749.3499999999999,15,157,376,664858.0,0.9107457081060919,0
fd435faa3c0422b60440ea3480d0e77c,unknown,749.0,1,158,376,664858.0,0.9118722644534624,0
2ba91c7ad80ff88b23b7db823b43c233,direct_traffic,740.4,6,159,376,664858.0,0.9129858857079256,0
33cbbec1e7e1044aaf11d152172c776f,unknown,730.67,15,160,376,664858.0,0.9140848722584372,0
7210cd29727d674c00741e5e387b3ccd,social,729.0899999999999,9,161,376,664858.0,0.9151814823616471,0
da6a60cc8cc724fe51be021ff8be779c,organic_search,728.79,12,162,376,664858.0,0.916277641240686,0
c8cc60ffd415254af5d9b9f34f32c369,social,722.2,8,163,376,664858.0,0.9173638882287646,0
b16d3dadc47d4eb18be3d88bad0775ce,paid_search,722.1,10,164,376,664858.0,0.9184499848087864,0
07de60b03d150fb3ea09eab5da5e4c8b,unknown,719.1,9,165,376,664858.0,0.9195315691470961,0
18e694e0e48ed6f7aa3f24aade5fd697,unknown,701.54,31,166,376,664858.0,0.9205867418305863,0
1b4b28463457a256e9a784ebe2a8f630,unknown,699.42,1,167,376,664858.0,0.921638725863267,0
59cea8e446d3834393058e7e0666b6fb,unknown,696.6,10,168,376,664858.0,0.9226864683887386,0
9aa388272ee334b6ae07bc73706e254a,paid_search,678.0,6,169,376,664858.0,0.9237062350155972,0
89a51f50b8095ea78d5768f34c13a76f,paid_search,677.16,10,170,376,664858.0,0.9247247382147767,0
3d5d0dc7073a299e31fa718ce1bc00b6,paid_search,674.8,21,171,376,664858.0,0.9257396917838095,0
0a85ebe4e328db81ac9109781205e2f7,organic_search,667.9,12,172,376,664858.0,0.9267442671969052,0
55c26bcb609f480eb7868594245febb5,organic_search,664.4000000000001,6,173,376,664858.0,0.9277435783280039,0
bdae679a9b282249bc23b9b69dae9a99,direct_traffic,663.15,6,174,376,664858.0,0.9287410093583893,0
1961c3e1272bfeceb05d0b78b5bbfdaf,unknown,657.0,2,175,376,664858.0,0.9297291902932656,0
43402bdf22aa2310e8f99e2f94f78628,unknown,649.95,4,176,376,664858.0,0.9307067674601193,0
72c38a04bd6a1c3dbc5298425a0db86d,organic_search,647.3,4,177,376,664858.0,0.9316803588134609,0
7b98de631987e26dd6d803490c43a13c,organic_search,634.2,8,178,376,664858.0,0.9326342467113278,0
3d3ccf2b2f8134b10dce9dd446f0e075,paid_search,608.6,3,179,376,664858.0,0.9335496301465878,0
aae5e7b457a3c72ee230a47d98fceda5,paid_search,604.8,5,180,376,664858.0,0.9344592980756793,0
6e4a902d1054e4e17aa6eab87fac1c75,direct_traffic,586.57,7,181,376,664858.0,0.9353415466159692,0
ed8cb7b190ceb6067227478e48cf8dde,unknown,573.5,15,182,376,664858.0,0.9362041368232015,0
3f9be91358837bff69df67edfa3e42e8,paid_search,569.7,7,183,376,664858.0,0.9370610115242654,0
cd2169d9f31ff6fbb9ca3373b0c9e354,paid_search,569.0,1,184,376,664858.0,0.93791683336893,0
5f5a58930c3c35f3b5af264f34fb8c85,organic_search,560.0,3,185,376,664858.0,0.9387591184884592,0
6eeed17989b0ae47c9f11ece6f38ea90,unknown,557.0,3,186,376,664858.0,0.9395968913662768,0
bb2afe2061d53c6968aa0cffa233a8ec,organic_search,549.4,5,187,376,664858.0,0.9404232332317578,0
e433f5fd4050e3352b5d83522b7fe24b,organic_search,548.06,1,188,376,664858.0,0.9412475596292742,0
6c99c983ce3b6ba0ab813e6790e81691,direct_traffic,546.75,9,189,376,664858.0,0.9420699156812432,0
9c1c0c36cd23c20897e473901a8fb149,organic_search,544.97,6,190,376,664858.0,0.9428895944697967,0
08d1c9478fb0d7d7fcac9c0da4e82fc7,paid_search,538.0,1,191,376,664858.0,0.943698789816773,0
2e7ea2aafec5835e781b21d6d1faf1f1,email,528.4,7,192,376,664858.0,0.9444935459902716,0
f9ec7093df3a7b346b7bcf7864069ca3,paid_search,519.2,9,193,376,664858.0,0.945274464622521,0
9e6967d3cf386d284251784b18ccb485,organic_search,517.67,9,194,376,664858.0,0.9460530820114972,0
4a82168aaef173cbb6e46ae88728f919,paid_search,512.0,4,195,376,664858.0,0.9468231712636382,0
c84592044b180dec206770c38603814b,unknown,491.94000000000005,14,196,376,664858.0,0.9475630886595333,0
7816cd9c5b1238e320545f5bf7eb80e8,organic_search,489.0,1,197,376,664858.0,0.9482985840585508,0
f88adb15807168d3c43d71021090ce4a,paid_search,488.8,3,198,376,664858.0,0.9490337786414542,0
09bad886111255c5b5030314fc7f1a4a,unknown,487.5,5,199,376,664858.0,0.9497670179196158,0
ee2fbacc2fc3794e656cc4d933d59ce7,unknown,464.97,2,200,376,664858.0,0.9504663702625222,0
117cfc326c6d50da67ca858ff5c0c852,organic_search,454.6,5,201,376,664858.0,0.9511501252899116,0
a11a0e0ca67423425691db355cff69b0,paid_search,448.9,2,202,376,664858.0,0.9518253070580486,0
f22a247b79dd22ecd91dc8e3b2a1b07c,unknown,439.94,8,203,376,664858.0,0.9524870122642729,0
64c9a1db4e73e19aaafd3286dc448c96,organic_search,439.0,1,204,376,664858.0,0.9531473036347611,0
4e480be820e37de1444325ff358c9296,unknown,430.3,1,205,376,664858.0,0.9537945095042851,0
dc50afafdfa325eadc890c7fa42a8f4e,unknown,424.2,4,206,376,664858.0,0.9544325404823285,0
5dc203c7b84a0e71e878a179de05fb9a,organic_search,421.9,5,207,376,664858.0,0.9550671120750597,0
189ca3538ce9f920cacf0f982cbe223b,paid_search,419.0,4,208,376,664858.0,0.955697321834136,0
b64d51f0435e884e8de603b1655155ae,paid_search,416.17999999999995,17,209,376,664858.0,0.9563232900860034,0
a53f60f05f822b5c621a50ff6a5cb362,organic_search,415.40000000000003,4,210,376,664858.0,0.9569480851550255,0
86ff3eaef0267069cc891a2ed9d10a17,unknown,409.75,7,211,376,664858.0,0.957564382168824,0
4a23adac87cf538689fa600d976f78b2,paid_search,405.0,3,212,376,664858.0,0.9581735347999121,0
0ddefe3c7a032b91f4e25b9c3a08fca1,paid_search,402.9,9,213,376,664858.0,0.9587795288618021,0
d263fa444c1504a75cbca5cc465f592a,direct_traffic,399.0,1,214,376,664858.0,0.9593796570094667,0
fadb07c842a2aef5d5a676b85f220e71,unknown,398.75,7,215,376,664858.0,0.9599794091369886,0
48e954b2da4f6a750c844173b347ed40,social,397.8,2,216,376,664858.0,0.9605777323879686,0
41b14765bd56c8ad10971074380f9c0c,paid_search,395.5,8,217,376,664858.0,0.9611725962536362,0
c1849d4d32d7a6cecd5aa471809d3135,paid_search,388.98,3,218,376,664858.0,0.9617576535139835,0
94d76e96eedd976258cd3278ce56d5f2,organic_search,385.61,1,219,376,664858.0,0.9623376420228079,0
131fcb0a0c9a47bba4474aacff0f14b7,paid_search,369.8,4,220,376,664858.0,0.9628938510178114,0
f12d3c2a14729ae461b920c11fe20fdc,organic_search,364.45,9,221,376,664858.0,0.9634420131817621,0
184725737946a1a938bbbd1a9e978103,unknown,359.70000000000005,3,222,376,664858.0,0.9639830309630025,0
761681a821d8275bc79f552116d06869,organic_search,354.92,3,223,376,664858.0,0.9645168592391157,0
b67d6c666e8dce1d078c882825e12704,unknown,352.84,7,224,376,664858.0,0.9650475590276419,0
249f0e9905a6e06ad6c6bea7547ab9f6,organic_search,347.95,3,225,376,664858.0,0.9655709038621781,0
b9ec22de23f18567de0e09d776ca0309,unknown,341.98,2,226,376,664858.0,0.9660852693357078,0
a64e44665225d19dfc0277eeeaaccc57,unknown,335.0,6,227,376,664858.0,0.9665891363268548,0
61b18775be84fb700a6b2d0ba097bf66,paid_search,334.5,4,228,376,664858.0,0.9670922512777165,0
ce616e1913288884e7742faac9d981db,direct_traffic,333.3,14,229,376,664858.0,0.9675935613318936,0
6bd503a8230299c9316fb0f726933927,paid_search,324.28999999999996,4,230,376,664858.0,0.9680813196201294,0
eb9267cccc90f1b49c8d2f9887c7dd97,organic_search,319.9,1,231,376,664858.0,0.9685624749946605,0
c611f4ce9ce875bcc063fa97fd4d7d12,unknown,319.0,1,232,376,664858.0,0.9690422766966781,0
ea4e9ce63a2134743b4a92777437fcdd,organic_search,316.6,3,233,376,664858.0,0.9695184686053262,0
9cf787a239c1aa29dbd76f153dc13f9a,unknown,316.0,4,234,376,664858.0,0.969993758065632,0
9ac4f14370b1e24ddc58be041b7f99df,direct_traffic,314.51,5,235,376,664858.0,0.9704668064458877,0
8c9348f33ae3dada25c99c99ade2af78,paid_search,312.99,2,236,376,664858.0,0.970937568623676,0
0cab2da43793a6f3c5ed8514c5f54627,unknown,309.70000000000005,3,237,376,664858.0,0.9714033823763872,0
a7a9b880c49781da66651ccf4ba9ac38,paid_search,307.6,3,238,376,664858.0,0.9718660375599001,0
e94b64dc6979b302a5a5be1662c83bb6,organic_search,306.89,2,239,376,664858.0,0.9723276248462078,0
a8739afb32aaa45e01815ca76f76f54b,paid_search,298.83,13,240,376,664858.0,0.9727770892431166,0
bbe87dce25ba8b38bb61cc7210a3f10b,organic_search,287.0,2,241,376,664858.0,0.9732087603668753,0
ce20a2ec1514c25e16f2b5b39bc818f0,organic_search,287.0,4,242,376,664858.0,0.9736404314906341,0
83c465a786b06574376909b35ef6752a,paid_search,281.4,3,243,376,664858.0,0.9740636797631976,0
87d73636a3acf123e842bb890a4db036,paid_search,269.9,1,244,376,664858.0,0.9744696311091994,0
53088c75f948b48a7ece173ac17f0c12,unknown,261.70000000000005,3,245,376,664858.0,0.9748632489945221,0
1e26c56af8d48424e1df0140a2401f83,referral,258.9,2,246,376,664858.0,0.9752526554542474,0
88ef59b51bdaa941d10a853429f2b6ce,organic_search,252.9,2,247,376,664858.0,0.9756330374305492,0
85ecf03781da592876b7844acc1b729f,organic_search,251.0,2,248,376,664858.0,0.9760105616537668,0
c70a353f02429c00775a46a75fb787da,social,242.0,6,249,376,664858.0,0.9763745491518491,0
31be790e64fc99f8ff48ec2bd18a3104,social,241.39999999999998,6,250,376,664858.0,0.9767376342015889,0
85044848b1b767db2a4a58526adef4b4,referral,240.60000000000002,4,251,376,664858.0,0.9770995159868725,0
5e9f5bd34e0830569f05c9d4f56e04a8,organic_search,239.98,2,252,376,664858.0,0.9774604652422021,0
ec8463980a4e0ea9f8517aea1ed0c419,organic_search,239.2,2,253,376,664858.0,0.9778202413146867,0
a663d9c3797e90eac99ff60939416a56,unknown,235.0,1,254,376,664858.0,0.9781737002487749,0
508808d438fe2ff972ed13bb8f4a82e2,social,234.84,9,255,376,664858.0,0.9785269185299718,0
8a8835a43bda99fd37310ad76c457510,referral,224.34,2,256,376,664858.0,0.9788643439651776,0
bec568278124768c474ee90971ca94d1,paid_search,219.9,2,257,376,664858.0,0.9791950912826499,0
e0a3c37054ade6478d923a6efc10f308,paid_search,219.8,2,258,376,664858.0,0.9795256881920651,0
751e274377499a8503fd6243ad9c56f6,paid_search,218.0,1,259,376,664858.0,0.9798535777564532,0
6548c2550b6e2d8f18053216e1c7b6f3,organic_search,217.7,3,260,376,664858.0,0.9801810160966704,0
d594982fd877af63ace38ea1fca27c76,organic_search,217.04,7,261,376,664858.0,0.9805074617437106,0
269c5fc9fcadee614364c3620c30a1f9,paid_search,209.6,3,262,376,664858.0,0.9808227170313059,0
929f342384a6607afe143d789ade1316,unknown,209.4,4,263,376,664858.0,0.9811376715027871,0
762fafdaa57a532ee0119731697579dd,unknown,206.7,5,264,376,664858.0,0.9814485649567277,0
e819bcfade7b5d88a27325eb6cfd62c5,organic_search,202.89999999999998,5,265,376,664858.0,0.9817537429044998,0
28c7d8743fbc8679f484868cc0fcaefb,social,201.5,3,266,376,664858.0,0.9820568151394733,0
3289d8c3eef4873f91ce0b1343c0dd58,referral,199.99,1,267,376,664858.0,0.9823576162127854,0
dda37071807e404c5bb2a1590c66326f,paid_search,199.99,1,268,376,664858.0,0.9826584172860973,0
651530bf5c607240ccdd89a30c9c9712,paid_search,199.9,1,269,376,664858.0,0.9829590829921576,0
4f0d637c1197fd65405ebd755ac9f86b,paid_search,199.8,2,270,376,664858.0,0.9832595982901612,0
6f835fd4be26989b1b064399da346143,unknown,197.8,2,271,376,664858.0,0.9835571054270236,0
9da15f4a4ea758d9eeb49000dbe57e22,unknown,196.9,1,272,376,664858.0,0.9838532588913722,0
05e107217c7266362fd44b75b2cd4cc4,organic_search,193.38,5,273,376,664858.0,0.9841441179921125,0
213fafb0ca06fb3d5886579c2565791b,unknown,189.70000000000002,3,274,376,664858.0,0.9844294420763532,0
299c89a525fee36c567f4fe72f038100,organic_search,189.0,1,275,376,664858.0,0.9847137133041943,0
c0aff2da32c17759d30b22fb0af6649d,paid_search,188.8,4,276,376,664858.0,0.9849976837159212,0
4c1c7281388a33dd06daac44f9fadbd1,social,188.32,5,277,376,664858.0,0.9852809321689745,0
9e7c5f4d7770eab65738cca38f9efccf,paid_search,184.8,2,278,376,664858.0,0.985558886258419,0
88cd3681e0a2ba85e190f7d817629c4c,paid_search,180.0,1,279,376,664858.0,0.9858296207611249,0
94165aea8a35c3c21499cbcae239b16c,paid_search,180.0,1,280,376,664858.0,0.9861003552638307,0
964ff64dc05b13811c6d0f41e0aa5f6b,unknown,180.0,1,281,376,664858.0,0.9863710897665365,0
7f5e4d5efad7e44b91115dd1decb65f3,organic_search,179.9,3,282,376,664858.0,0.9866416738611854,0
880ce4951cf857ab1d9e0b75c1d856f4,organic_search,178.9,1,283,376,664858.0,0.9869107538752636,0
2d2322d842118867781fc737e96d59a1,direct_traffic,176.4,8,284,376,664858.0,0.9871760736879154,0
3ea08c48e851106d2f584349daba335f,social,170.0,1,285,376,664858.0,0.9874317673849153,0
e1643dff33666ca629e3644c02738179,paid_search,170.0,3,286,376,664858.0,0.9876874610819153,0
1cbdc7cf130a41fd13a3c2a7d2fcfda7,unknown,165.8,2,287,376,664858.0,0.9879368376405187,0
33d677f27a69b84051204ee4ae76eaca,direct_traffic,165.0,9,288,376,664858.0,0.9881850109346657,0
aa2640d851ec322526f1295bbeb20092,organic_search,159.98,1,289,376,664858.0,0.9884256337443486,0
2039c5e51785b5dde7cf93ccb3b7be2c,paid_search,159.9,1,290,376,664858.0,0.9886661362275854,0
99cd94252748d2bdde08e17858233602,social,159.8,2,291,376,664858.0,0.9889064883027654,0
2d34636518ba88f5349b732fcf8ba2e4,unknown,150.0,1,292,376,664858.0,0.9891321003883536,0
4867209cb29b56b92893d7bde3ce8012,paid_search,150.0,1,293,376,664858.0,0.9893577124739418,0
ca7c6bd577e559472af1c699de9e764e,email,148.0,6,294,376,664858.0,0.9895803163983888,0
7d7866a99a8656a42c7ff6352a433410,organic_search,147.89,5,295,376,664858.0,0.9898027548739732,0
398cb257329ef7af7f1943a8974a3cbc,organic_search,145.9,1,296,376,664858.0,0.9900222002292219,0
0e72c1a751b496722a6cb1f10653b62a,direct_traffic,140.8,3,297,376,664858.0,0.9902339747735607,0
52a50b42accf164f9f019941e5759d9b,organic_search,139.96,4,298,376,664858.0,0.9904444858902203,0
19d62d484cba71963c93f0f00ab42013,unknown,139.9,1,299,376,664858.0,0.9906549067620454,0
d8bf0fc082fd4a77fc2e5679b6c00133,organic_search,139.9,1,300,376,664858.0,0.9908653276338707,0
59bbc819b99a733f02f0d6b49d1c253d,organic_search,139.8,2,301,376,664858.0,0.9910755980976389,0
6a53b90c3ad9e0b56d9fe5c69165fff5,organic_search,139.78,2,302,376,664858.0,0.9912858384797958,0
657969cca82e884d272385ec0ef06edd,social,139.70000000000002,3,303,376,664858.0,0.9914959585355069,0
f049a72cf58fd31b11f8919cade515e7,paid_search,138.75,3,304,376,664858.0,0.991704649714676,0
044668ccd5316b12a7cf0d54a156e3e9,unknown,137.8,3,305,376,664858.0,0.991911912017303,0
377bc18334c78dd2f1535ef22a3ad225,unknown,135.98,1,306,376,664858.0,0.9921164368932915,0
7adbd3210a7b3cc2235e225eef33574d,organic_search,131.9,3,307,376,664858.0,0.992314825120552,0
44ed138eca6214d572ce1d813fb0049b,unknown,129.79,2,308,376,664858.0,0.9925100397378087,0
7c9130f5f3729edd32aa059141d92484,organic_search,126.0,3,309,376,664858.0,0.9926995538897028,0
57df9869a600bd6b7c405f2a862eccfb,paid_search,125.0,5,310,376,664858.0,0.9928875639610263,0
c092292535a57dacd95a8765f5518f87,display,125.0,1,311,376,664858.0,0.9930755740323498,0
693660429f9dc4ff704eb3d88dad54d7,social,124.0,2,312,376,664858.0,0.9932620800231027,0
902c99f1ac505c0d18778b61bcd636f7,organic_search,123.47,3,313,376,664858.0,0.9934477888511531,0
89757206b887aed36f3e18d858460fea,unknown,120.5,2,314,376,664858.0,0.993629030559909,0
698f5fa55a5f73d0740e9d9a773e8093,paid_search,120.0,4,315,376,664858.0,0.9938095202283795,0
bba8d0c234a52b87b3957037a215d1a4,direct_traffic,120.0,1,316,376,664858.0,0.99399000989685,0
3903c788ded8dc03b5ebab37a2f3e9a1,unknown,119.97999999999999,5,317,376,664858.0,0.9941704694837094,0
674207551483fec113276b67b0d871ff,direct_traffic,119.9,1,318,376,664858.0,0.9943508087441227,0
36f98ad67cc981f50ce8aed093d5783c,social,119.4,2,319,376,664858.0,0.994530395964251,0
e9c2dc0dd4ac38448289be644ac94f42,direct_traffic,118.39,3,320,376,664858.0,0.994708464063003,0
44717f64ec2a457979cf83c429077666,direct_traffic,107.0,2,321,376,664858.0,0.9948694006840558,0
a69aa24cec11168e7e39a3fbc727e925,organic_search,105.97,3,322,376,664858.0,0.995028788102121,0
271b8923c6a549e02d3c9fd1f8c0422b,unknown,105.19,1,323,376,664858.0,0.9951870023373413,0
160851d3ece7aa1a510f8d1a4bb8a8af,unknown,102.05,2,324,376,664858.0,0.9953404937595697,0
4fae87d32467e18eb46e4a76a0a0b9ce,organic_search,100.9,1,325,376,664858.0,0.995492255489142,0
a4fc6eadaff1576af888509a53420f6a,paid_search,100.86,1,326,376,664858.0,0.9956439570554915,0
5f57db27027655e6c6a391601daa0258,paid_search,98.0,1,327,376,664858.0,0.9957913569514092,0
1c742ac33582852aaf3bcfbf5893abcf,organic_search,97.9,1,328,376,664858.0,0.9959386064392698,0
c7bb64409aa480bb7d0335faaaf3d242,direct_traffic,97.6,4,329,376,664858.0,0.9960854047029591,0
623ad9d0c1e14bb5464a8c72bff7b4af,paid_search,95.0,1,330,376,664858.0,0.9962282923571649,0
2aafae69bf4c41fbd94053d9413e87ee,social,94.0,2,331,376,664858.0,0.9963696759308003,0
01266d4c46afa519678d16a8b683d325,unknown,90.25,3,332,376,664858.0,0.9965054192022957,0
97e50a621f8e801f4baf69e08687c192,social,89.9,1,333,376,664858.0,0.9966406360455917,0
b3809b8d4394588a47c8470ea331e135,direct_traffic,89.0,1,334,376,664858.0,0.9967744992163741,0
2fa13c8bd5705d279f7ed5cc9ec61c68,unknown,87.4,2,335,376,664858.0,0.9969059558582435,0
4fe2f67634d00c021aa01f96b6f2d68e,organic_search,86.8,2,336,376,664858.0,0.9970365100517704,0
dedcab67899479e4ea5dcc4eba47f587,unknown,84.0,2,337,376,664858.0,0.9971628528196997,0
1a8e2d9c38b84a9702ac7922924b0573,paid_search,80.0,1,338,376,664858.0,0.9972831792653468,0
c8665a4dd081a2c436b1cd921079d0d9,direct_traffic,79.39,1,339,376,664858.0,0.9974025882218458,0
d8d9567d0bfb0bc7eb845a205ba42657,paid_search,74.6,4,340,376,664858.0,0.9975147926324118,0
a7d0f8dd44f57ef6de7f7f02e3d82630,email,73.78999999999999,2,341,376,664858.0,0.9976257787377154,0
d598f929fc44e1e38678e7f47250ec04,organic_search,69.9,1,342,376,664858.0,0.9977309139695996,0
c32fc744b9160ac853450488e3cfea93,organic_search,65.8,2,343,376,664858.0,0.9978298824711442,0
447d377bdb757058acb569025ee18a93,organic_search,64.99,1,344,376,664858.0,0.9979276326674268,0
f0ec78809fe0bc3edb11c9fe5b97b059,unknown,62.599999999999994,2,345,376,664858.0,0.9980217881111456,0
2cb98e27ce1c18abdb42209b34c382a7,unknown,62.49,1,346,376,664858.0,0.9981157781060016,0
6ebf4eceee4dd9847201c82e77ef8123,direct_traffic,59.9,1,347,376,664858.0,0.9982058725321798,0
8fb67a334bacec338885b4e9e1708073,paid_search,59.9,1,348,376,664858.0,0.9982959669583581,0
1d953075c2f0dd990bacf27b83b330f1,organic_search,59.0,1,349,376,664858.0,0.9983847077120228,0
dd5450b022b2d00a2145a66331e1aef6,social,59.0,1,350,376,664858.0,0.9984734484656875,0
3e35a8bb43569389d3cebef0ce820f69,unknown,55.8,1,351,376,664858.0,0.9985573761615262,0
0b1ca3ef18a63d7eb0c8897fa0849c08,organic_search,55.0,1,352,376,664858.0,0.9986401005929085,0
e9e446d01bd10a97a8ffcfc4a3a20cb2,social,51.15,3,353,376,664858.0,0.9987170343140942,0
535bf14f36346c7f59d87cece104d70c,paid_search,50.0,1,354,376,664858.0,0.9987922383426235,0
2c2c9832d1bb38c5b0034a3b47d313ee,paid_search,49.9,1,355,376,664858.0,0.998867291963096,0
9140ef75cc8211c4035935e80e567204,paid_search,49.9,1,356,376,664858.0,0.9989423455835683,0
1f7dfad2cb384ea4d2d7e1ffbd78c407,unknown,49.0,1,357,376,664858.0,0.9990160455315271,0
c963a25b8671419c6ce9eebe8fd03218,paid_search,49.0,1,358,376,664858.0,0.9990897454794859,0
d63f306de130e0391d38a792541723b8,organic_search,49.0,1,359,376,664858.0,0.9991634454274447,0
9d213f303afae4983637247556438ede,paid_search,47.7,2,360,376,664858.0,0.9992351900706617,0
cad10cc982ab6a391570c211b995c17c,email,47.4,1,361,376,664858.0,0.9993064834897076,0
5a4236931428800e9d9cc04af0987118,paid_search,44.97,1,362,376,664858.0,0.9993741219929669,0
05a48cc8859962767935ab9087417fbb,unknown,42.9,1,363,376,664858.0,0.9994386470494452,0
4125d9385a25e82d2f72d3a0fd55bc3f,direct_traffic,42.9,1,364,376,664858.0,0.9995031721059234,0
a213f1bd6458f4a158f3746cb2514559,paid_search,41.52,1,365,376,664858.0,0.9995656215312141,0
9b1f656ca3060f8af17a50d8a024b533,organic_search,41.0,2,366,376,664858.0,0.9996272888346083,0
539ed9e19811677513447759be5eccfc,organic_search,32.83,2,367,376,664858.0,0.9996766677997407,0
7d81e74a4755b552267cd5e081563028,paid_search,32.5,1,368,376,664858.0,0.9997255504182848,0
8b181ee5518df84f18f4e1a43fe07923,unknown,27.9,1,369,376,664858.0,0.9997675142662042,0
f1fdf2d13186575751aa25876536d85c,organic_search,26.3,1,370,376,664858.0,0.9998070715852106,0
cad9969167c09b48ae6f1d123f7fa68d,direct_traffic,24.0,1,371,376,664858.0,0.9998431695189047,0
5e063e85d44b0f5c3e6ec3131103a57e,organic_search,22.9,1,372,376,664858.0,0.9998776129639713,0
bc8c8d665ec4664d286be0d521722b19,organic_search,22.5,1,373,376,664858.0,0.9999114547768095,0
455befea1bb853c75ccbca94cff26e5c,organic_search,19.99,1,374,376,664858.0,0.9999415213474155,0
bb7ad8a45c027be8ab075b8e465f8ca0,paid_search,19.98,2,375,376,664858.0,0.9999715728772158,0
ce4755084bc097113867e6454f8f5e52,paid_search,18.9,1,376,376,664858.0,1.0,0
