seller_state,closed_deals,active_sellers,gmv,gmv_per_closed,close_days
,462,0,0.0,0.0,65.86771700136283
BA,3,3,3094.8,1031.6000000000001,37.577202932098764
CE,2,2,6573.0,3286.5,15.836174768518518
DF,4,4,2450.29,612.5725,62.995107060185184
ES,4,4,8528.29,2132.0725,6.761397569444445
GO,7,7,7862.38,1123.1971428571428,33.548376322751324
MG,26,26,29856.52,1148.3276923076924,13.96409277065527
PB,1,1,749.0,749.0,126.71042824074074
PE,1,1,319.9,319.9,8.514282407407407
PR,32,32,29489.920000000002,921.5600000000001,32.41428204571759
RJ,26,26,55000.14,2115.39,46.75722889957265
RS,19,19,43327.45,2280.3921052631576,27.551697124756334
SC,23,22,16129.69,701.2908695652175,36.27478109903382
SP,232,229,461476.62,1989.1233620689654,26.605353735770404
